Pitcher_not_in_Statcast,Suggested_Match_in_Statcast,Statcast_not_in_Pitchers
aaron ashby,,luis ortiz
aaron barrett,,nestor cortes jr
aaron brooks,,phil maton iii
aaron brown,,ryan johnson
aaron bummer,,thomas harrington iii
aaron cohn,,
aaron davenport,,
aaron fletcher,,
aaron haase,,
aaron hernandez,,
aaron holiday,,
aaron leasher,,
aaron loup,,
aaron mcgarity,,
aaron munson,,
aaron nixon,,
aaron northcraft,,
aaron ochsenbein,,
aaron perry,,
aaron pinto,,
aaron rozek,,
aaron rund,,
aaron sanchez,,
aaron shortridge,,
aaron slegers,,
aaron wilkerson,,
abdiel medina,,
abdiel mendoza,,
abel adames,,
abel brito,,
abel fuerte,,
abel mendez,,
abel mercedes,,
abner uribe,,
abraham gaitan,,
abraham parra,,
abrahan tejada,,
accimias morales,,
adam boucher,,
adam cimber,,
adam conley,,
adam kloffenstein,,
adam kolarek,,
adam laskey,,
adam leverett,,
adam macko,,
adam maier,,
adam mazur,,
adam mckillican,,
adam morgan,,
adam oller,,
adam ottavino,,
adam plutko,,
adam scoggins,,
adam scott,,
adam seminaris,,
adam serwinowski,,
adam shoemaker,,
adam smith,cade smith,
adam stauffer,,
adam stone,,
adam tulloch,,
adam wainwright,,
adam wolf,,
adan moreno,adrian morejon,
adbert alzolay,,
adel dilone,,
adenys bautista,,
adilson peralta,,
adisyn coffey,,
adolfo oviedo,,
adolfo ramirez,,
adonis medina,,
adonis villavicencio,,
adonys perez,,
adrian acosta,,
adrian alcantara,,
adrian bohorquez,,
adrian chaidez,,
adrian de horta,,
adrian del moral,,
adrian delgado,,
adrian florencio,,
adrian heredia,,
adrian hernandez,ryan fernandez,
adrian herrera,,
adrian houser,,
adrian martinez,,
adrian ogando,,
adrian quintana,,
adrian rodriguez,randy rodriguez,
adrian sampson,,
adrian santana,,
aidan anderson,ian anderson,
aidan curry,,
aidan maldonado,,
aj alexy,,
aj block,,
aj blubaugh,,
aj candelario,,
aj labas,,
aj ladwig,,
aj minter,,
aj puckett,,
al pesto,,
alain pena,,
alan busenitz,,
alan mundo,,
alan perdomo,,
alan rangel,,
alan strong,,
alaska abney,,
albert abreu,albert suarez,
albert breton,,
albert polanco,,
albert rivas,,
alberto baldonado,,
alberto guerrero,,
alberto mota,,
alberto pacheco,,
albertus barber,,
aldrin batista,,
aldry acosta,,
alec baker,,
alec barger,,
alec bettinger,,
alec gamboa,,
alec kisena,,
alec marsh,,
alec mills,,
alejandro gomez,,
alejandro hidalgo,,
alejandro lugo,,
alejandro manzano,,
alejandro mateo,,
alejandro melean,,
alejandro mendez,,
alejandro ramirez,,
alejandro rosario,,
alejandro torres,,
alek manoah,,
alemao hernandez,,
alessandro ercolani,,
alex amalfi,,
alex ayala jr,,
alex bustamante,,
alex claudio,,
alex clemmey,,
alex cobb,,
alex colome,,
alex cook,,
alex cornwell,,
alex faedo,,
alex garbrick,,
alex hoppe,,
alex lange,,
alex makarewich,,
alex martinez,,
alex mauricio,,
alex mcfarlane,,
alex mckenney,,
alex nolan,,
alex pham,,
alex phillips,tyler phillips,
alex powers,,
alex rao,,
alex reyes,,
alex santos ii,,
alex scherff,,
alex segal,,
alex speas,,
alex troop,,
alex valdez,,
alex valverde,,
alex wells,,
alex williams,,
alex wood,,
alex young,,
alexander agramonte,,
alexander alberto,,
alexander beltre,,
alexander campos,,
alexander cornielle,,
alexander de los santos,enyel de los santos,
alexander fuentes,,
alexander johnson,,
alexander vallecillo,,
alexis cedano,,
alexis de la cruz,,
alexis diaz,,
alexis liebano,,
alexis paulino,,
alexis torres,,
alexuan vega,,
alfonso perez,,
alfred morillo,,
alfred vega,,
alfredi jimenez,,
alfredo romero,,
alfredo ruiz,,
alfredo zarraga,,
ali ascanio,,
alimber santa,,
alison zacarias,,
alix hernandez,,
allan hernandez,,
allan saathoff,,
allan winans,,
allen facundo,,
alonzo richardson,,
alonzo tredwell,,
alvaro benua,,
alvaro gamez,,
alvaro pineda,,
alvin nova,,
amauri otero,,
amilcar chirinos,,
amir garrett,,
amos willingham,,
anders tolhurst,,
anderson amarista,,
anderson beltre,,
anderson bido,,
anderson brito,,
anderson cardenas,,
anderson espinoza,,
anderson guevara,,
anderson jerez,,
anderson munoz,andres munoz,
anderson paulino,,
anderson pilar,,
anderson severino,,
andinson ferrer,,
andre granillo,,
andre jackson,,
andre sanchez,,
andre scrubb,,
andres cova,,
andres diaz,,
andres jimenez,,
andres machado,,
andres nunez,andres munoz,
andres parra,,
andres silvera,,
andres sotillet,,
andrew abbott,,
andrew albers,,
andrew alvarez,,
andrew baker,,
andrew bash,,
andrew bellatti,,
andrew bolivar,,
andrew cabezas,,
andrew chafin,,
andrew dalquist,,
andrew edwards,,
andrew gross,,
andrew hoffmann,,
andrew kittredge,,
andrew landry,,
andrew lee,,
andrew magno,,
andrew marrero,,
andrew mcinvale,,
andrew miller,,
andrew misiaszek,,
andrew mitchell,,
andrew moore,,
andrew morris,,
andrew nardi,,
andrew painter,,
andrew perez,,
andrew politi,,
andrew quezada,,
andrew saalfrank,,
andrew schultz,,
andrew sears,,
andrew shaps,,
andrew suarez,,
andrew taylor,,
andrew vasquez,randy vasquez,
andrew walling,,
andrew walters,,
andrew wantz,,
andry lara,,
andy basora,,
andy fisher,,
andy luis,,
andy otero,,
andy rodriguez,randy rodriguez,
andy santana,,
anel cabrera,,
aneudis george,,
aneudis mejia,,
aneudy cortorreal,,
aneuris rodriguez,,
aneuris rosario,,
aneury lora,,
aneurys zabala,,
anfernny reyes,,
angel acevedo,,
angel alfonseca,,
angel anazco,,
angel bastardo,,
angel bello,,
angel beltran,,
angel camacho,,
angel cruz,,
angel cuenca,,
angel de jesus,,
angel felipe,,
angel gonzalez,,
angel hernandez,daysbel hernandez,
angel jimenez,,
angel macuare,,
angel perdomo,,
angel reyes,,
angel roman,,
angel rondon,,
angel sanchez,,
angel tello,,
angel vargas,,
angello infante,,
anibal sanchez,,
ankeily feliz,,
anthony arguelles,,
anthony bass,anthony banda,
anthony bello,,
anthony bender,anthony banda,
anthony castro,,
anthony crespo,,
anthony cruz,,
anthony desclafani,,
anthony escobar,,
anthony flores,,
anthony garcia,,
anthony gose,,
anthony hoopii-tuionetoa,,
anthony kay,,
anthony maldonado,,
anthony mendez,,
anthony misiewicz,,
anthony molina,,
anthony narvaez,,
anthony perez,,
anthony simonelli,,
anthony solometo,,
anthony swarzak,,
anthony tomczak,,
anthony vizcaya,,
antoine kelly,,
antoni cuello,,
antonio florido,,
antonio jimenez,,
antonio knowles,,
antonio menendez,,
antonio santos,,
antonio velez,,
antwone kelly,,
anyelo ovando,,
anyer laureano,,
archie bradley,,
argenis angulo,,
argenis aparicio,,
ariel jurado,,
arielbi gonzalez,,
arij fransen,,
arlison rodriguez,elvin rodriguez,
armando vasquez,randy vasquez,
arnaldo hernandez,,
arodys vizcaino,,
aroldis chapman,,
art warren,,
asa lacy,,
asher wojciechowski,,
ashton goudeau,,
ashton izzi,,
audry lugo,,
augusto calderon,,
austin adams,,
austin aldeano,,
austin amaral,,
austin becker,,
austin bergner,,
austin brice,,
austin briggs,,
austin cox,,
austin davis,,
austin drury,,
austin emener,,
austin gomber,,
austin hansen,,
austin kitchen,,
austin krob,,
austin lambright,,
austin love,,
austin peterson,,
austin pope,,
austin pruitt,,
austin roberts,,
austin ross,,
austin schulfer,,
austin smith,,
austin strickland,,
austin temple,,
austin troesser,,
austin vernon,,
austin voth,,
austin warner,,
austin warren,,
avery short,,
avery weems,,
ayendy bravo,,
bailey dees,,
bailey horn,bailey ober,
bailey reid,,
baron stuart,,
barrett kent,,
barrett loseke,,
bayant melo,,
bayden root,,
bear bellomy,,
beau burrows,,
beau sulser,,
beck way,,
ben anderson,ian anderson,
ben beutel,,
ben bowden,ben brown,
ben braymer,,
ben brecht,,
ben brutti,,
ben ethridge,,
ben gross,,
ben harris,,
ben hecht,,
ben heller,,
ben hernandez,daysbel hernandez,
ben holmes,,
ben krauth,,
ben kudrna,,
ben leeper,,
ben madison,,
ben miller,bryce miller,
ben onyshko,,
ben peoples,,
ben petschke,,
ben rowen,ben brown,
ben sears,,
ben serunkuma,,
ben shields,,
ben simon,,
ben thompson,ryan thompson,
ben wereski,,
benito garcia,,
benjamin arias,,
benjamin dum,,
bennett sousa,,
benony robles,,
bernard jose,,
bernard mack,,
bernardo flores jr,,
bernardo rivera,,
bernie martinez,,
biembenido brito,,
billy corcoran,,
billy lescher,,
billy seidl,,
billy sullivan,,
bishop letson,,
blade tidwell,,
bladimir pichardo,,
blaine knight,,
blair calvo,,
blair henley,,
blake adams,,
blake beers,,
blake burkhalter,,
blake goldsberry,,
blake holub,,
blake loubier,,
blake money,,
blake parker,,
blake pivaroff,,
blake rivera,,
blake rogers,,
blake seigler,,
blake taylor,,
blake townsend,,
blake walston,,
blake wehunt,,
blake weiman,,
blake whiting,,
blake whitney,,
blake wolters,,
blake workman,,
blane abeyta,,
blas castano,,
blayne enlow,,
blaze pontes,,
bo bonds,,
bobby ay,,
bobby milacki,,
bobby miller,,
boby johnson,,
bodi rascon,,
bowen plagge,,
brad boxberger,,
brad brach,,
brad case,,
brad deppermann,,
brad hand,,
brad peacock,,
brad wieck,,
braden bristo,,
braden carmichael,,
braden nett,,
braden olthoff,,
braden scott,,
braden shipley,,
braden zarbnisky,,
bradford webb,,
bradgley rodriguez,randy rodriguez,
bradley blalock,,
bradley brehmer,,
bradley hanner,,
brady basso,,
brady choban,,
brady feigl,,
brady hill,,
brady lail,,
brady puckett,,
brady schanuel,,
braeden fausnaught,,
braeden ogle,,
brahian rijo,,
braian salazar,,
brailin rodriguez,randy rodriguez,
brailyn marquez,,
brailyn paulino,,
brandan bidois,,
branden noriega,,
brandison polanco,,
brandon beckel,,
brandon bielak,,
brandon birdsell,,
brandon brennan,,
brandon dufault,,
brandon eisert,,
brandon finnegan,,
brandon gold,,
brandon herbold,,
brandon hughes,,
brandon johnson,ryan johnson,
brandon kintzler,,
brandon knarr,,
brandon komar,,
brandon leibrandt,,
brandon neeck,,
brandon schaeffer,,
brandon smith,,
brandon sproat,,
brandon waddell,,
brandon walter,,
brandon white,,
brandon williamson,,
brandon woodruff,,
brandon workman,,
brandon young,,
brandyn garcia,,
brandyn sittinger,brady singer,
branneli franco,,
brannon jordan,,
braulio salas,,
braunny munoz,,
brawny reyes,,
braxton ashcraft,,
braxton bragg,,
braxton garrett,,
braxton hyde,,
braxton roxby,,
brayan bello,,
brayan cabello,,
brayan castillo,,
brayan de paula,,
brayan diaz,,
brayan medina,,
brayan mendoza,,
brayan narvaez,,
brayan palencia,,
brayan perez,,
brayan restituyo,,
brayan romero,,
brayan suarez,,
braydon fisher,,
braydon tucker,,
brayhans barreto,,
brayner sanchez,,
breck eichelberger,,
breidy encarnacion,,
breilin arredondo,,
brendan beck,,
brendan cellucci,,
brendan collins,,
brendan hardy,,
brendan mcguigan,,
brendan mckay,,
brendan morse,,
brendan nail,,
brendan white,,
brennan bernardino,,
brent headrick,,
brent honeywell,,
brent killam,,
brent teller,,
brett anderson,,
brett conine,,
brett daniels,,
brett de geus,,
brett eibner,,
brett kennedy,,
brett kerry,,
brett lockwood,,
brett martin,,
brett matthews,,
brett schulze,,
brett standlee,,
brett wichrowski,,
brian edgington,,
brian fitzpatrick,,
brian glowicki,,
brian gonzalez,,
brian howard,,
brian keller,brad keller,
brian marconi,,
brian moran,,
brian van belle,,
brock bell,,
brock jones,,
brock porter,,
brock selvidge,,
brock stewart,,
brock whittlesey,,
brody hopkins,,
brody jessee,,
brody koerner,,
brody mccullough,,
brody rodning,,
brooks crawford,,
brooks gosswein,,
brooks kriske,,
brooks raley,,
brooks wilson,bryse wilson,
bruce zimmermann,,
brusdar graterol,,
bryan bautista,,
bryan brickhouse,,
bryan caceres,,
bryan chi,,
bryan garcia,,
bryan hoeing,bryan king,
bryan lucas,,
bryan magdaleno,,
bryan mata,,
bryan mena,,
bryan mitchell,,
bryan monte de oca,,
bryan pena,,
bryan perez,,
bryan polanco,,
bryan pope,,
bryan rivera,,
bryan sammons,,
bryan sanchez,,
bryan shaw,,
bryant landaeta,,
bryant salgado,,
bryce bonnin,,
bryce collins,,
bryce conley,,
bryce hubbart,,
bryce mcgowan,,
bryce montes de oca,,
bryce osmond,,
bryce tassin,,
bryce warrecker,,
brycen mautz,,
bryson hammer,,
bubba chandler,,
bubba derby,,
bubba hall,,
bubby rossman,,
buck farmer,,
burch smith,,
cade austin,,
cade cavalli,,
cade denton,,
cade feeney,,
cade gibson,,
cade halemanu,,
cade horton,,
cade kuehler,,
cade winquest,,
caden dana,,
caden grice,,
caden monke,,
cale lansville,,
caleb baragar,,
caleb bolden,,
caleb boushley,,
caleb franzen,,
caleb freeman,,
caleb kilian,,
caleb sampen,,
caleb simpson,,
caleb smith,cade smith,
caleb wurster,,
callum wallace,,
calvin coker,,
calvin ziegler,,
cam alldred,,
cam bedrosian,,
cam brown,,
cam day,,
cam opp,,
cam robinson,,
cam sanders,,
cam schlittler,,
cam tullar,,
cam vieaux,,
cam wynne,,
camden minacci,,
cameron bishop,,
cameron cotter,,
cameron foster,,
cameron junker,,
cameron leonard,,
cameron wagoner,,
cameron weston,,
camilo doval,,
camilo hernandez,,
camilo sanchez,,
candido cuevas,,
carl edwards jr,,
carlo reyes,,
carlos a francisco,,
carlos belen,,
carlos betancourt,,
carlos brito,,
carlos calderon,,
carlos campos,,
carlos canales,,
carlos castillo,,
carlos de los santos,,
carlos duran,,
carlos espinal,,
carlos espinosa,,
carlos garcia,,
carlos gomez,,
carlos gonzalez,,
carlos guarate,,
carlos guzman,,
carlos hernandez,,
carlos hinestroza,,
carlos jimenez,,
carlos lagrange,,
carlos lequerica,,
carlos lomeli,,
carlos lopez,,
carlos luna,,
carlos marcano,,
carlos martinez,,
carlos mateo,,
carlos meza,,
carlos millan,,
carlos molina,,
carlos pena,,
carlos rey,,
carlos rodriguez,yariel rodriguez,
carlos romero,carlos rodon,
carlos sarmiento,,
carlos tavera,,
carlos torres,,
carlson reed,,
carlton perkins,,
carson carter,,
carson coleman,,
carson fulmer,,
carson hobbs,,
carson jacobs,,
carson palmquist,,
carson pierce,carson spiers,
carson ragsdale,,
carson rudd,,
carson seymour,,
carson skipper,carson spiers,
carson teel,,
carson whisenhunt,,
carter baumler,,
carter loewen,,
carter spivey,,
case williams,,
casey anderson,,
casey cobb,,
casey kelly,,
casey lawrence,,
casey legumina,,
casey sadler,,
casey steward,,
caswell smith,,
cayne ueckert,,
cd pelham,,
cedric de grandpre,,
cesar alvarez,,
cesar aquino,,
cesar ayala,,
cesar de jesus,,
cesar espinal,,
cesar gomez,,
cesar jimenez,,
cesar lares,,
cesar perdomo,,
cesar rojas,,
cesar ruiz,,
cesar valdez,,
cesari moreno,,
chad bryant,,
chad dallas,,
chad donato,,
chad kuhl,,
chad smith,cade smith,
chalniel arias,,
chance adams,,
chance huff,,
chance kirby,,
chandler arnold,,
chandler casey,,
chandler champlain,,
chandler jozwiak,,
chandler murphy,,
charbel gonzalez,,
chariel radney,,
charlee soto,,
charles hall,,
charles king,,
charlie barnes,,
charlie cerny,,
charlie neuweiler,,
charlie ruegger,,
chase anderson,,
chase antle,,
chase chaney,,
chase cohen,,
chase costello,,
chase de jong,,
chase dollander,,
chase hampton,,
chase hopewell,,
chase isbell,,
chase lee,,
chase petty,,
chase plymell,,
chase shugart,,
chase silseth,,
chase solesky,,
chase wallace,,
chase watkins,,
chasen shreve,,
chavez fernander,,
chay yeager,,
chayce mcdermott,,
chazz martinez,,
chen zhong-ao zhuang,,
chen-wei lin,,
chester pimentel,,
chi chi gonzalez,,
chih-jung liu,,
chris archer,,
chris barraza,,
chris campos,,
chris clark,,
chris clarke,,
chris devenski,,
chris ellis,,
chris flexen,,
chris gau,,
chris gerard,,
chris jefferson,,
chris kachmar,,
chris kean,,
chris lincoln,,
chris mauloni,,
chris mazza,,
chris mcelvain,,
chris mcmahon,,
chris mokma,,
chris muller,,
chris murphy,,
chris rodriguez,,
chris vallimont,,
chris villaman,,
chris williams jr,,
chris wright,,
christian avendano,,
christian chamberlain,,
christian ciuffetelli,,
christian cosby,,
christian edwards,,
christian fernandez,,
christian macleod,,
christian mcgowan,,
christian mejias,,
christian montes de oca,,
christian oppor,,
christian roa,,
christian rodriguez,,
christian romero,,
christian ruebeck,,
christian scott,,
christian suarez,,
christian tripp,,
christian young,,
christian zazueta,,
christopher hernandez,,
christopher troye,,
christopher vasquez,,
cj culpepper,,
cj eldred,,
cj mayhue,,
cj van eyk,,
cj weins,,
cj widger,,
clark cota,,
clarke schmidt,,
claudio galva,,
claudio gatier,,
clay aguilar,,
clay helvey,,
clayton andrews,,
clayton beeter,,
clayton kershaw,,
clayton mcginness,,
cleiber maldonado,,
cleiverth perez,,
clevari tejada,,
codi heuer,,
cody adcock,,
cody bolton,,
cody bradford,,
cody carroll,,
cody deason,,
cody greenhill,,
cody laweryson,,
cody mincey,,
cody morris,,
cody ponce,,
cody poteet,,
cody reed,,
cody scroggins,,
cody sedlock,,
cody stashak,,
cody tucker,,
colby langford,,
colby morris,,
colby white,,
cole ayers,,
cole duensing,,
cole henry,,
cole hillier,,
cole irvin,,
cole kirschsieper,,
cole mcdonald,,
cole paplham,,
cole patten,,
cole percival,,
cole sands,,
cole schoenwetter,,
cole stupp,,
cole sulser,,
cole uvila,,
cole waites,,
cole wilcox,,
cole winn,,
coleman crow,,
coleman huntley iii,,
colin fields,,
colin mckee,,
colin peluse,,
colin schmid,,
colin selby,,
collin baumgartner,,
collin kober,,
collin lowe,,
collin mchugh,,
collin sullivan,,
collin wiles,,
colson lawrence,,
colten brewer,,
colten schmidt,,
colton eastman,,
colton gordon,,
colton hock,,
colton johnson,,
connelly early,,
conner greene,,
conner loeprich,,
conner menez,,
connery peters,,
connor brogdon,,
connor butler,,
connor cooke,,
connor curlis,,
connor fenlong,,
connor grey,,
connor higgins,,
connor holden,,
connor housley,,
connor johnstone,,
connor jones,,
connor lunn,,
connor mccullough,,
connor noland,,
connor o'halloran,,
connor oliver,,
connor overton,,
connor pellerin,,
connor phillips,,
connor prielipp,,
connor prins,,
connor sadzeck,,
connor schultz,,
connor seabold,,
connor staine,,
connor van scoyoc,,
conor dryer,,
conor grady,,
conor grammes,,
conor larkin,,
conor steinbaugh,,
cooper adams,,
cooper benson,,
cooper bradford,,
cooper chandler,,
cooper criswell,,
cooper hjerpe,,
cooper mckeehan,,
corbin martin,chris martin,
corey avant,,
corey kluber,,
corey knebel,,
corey oswalt,,
cory abbott,,
cory lewis,,
cory wall,,
craig kimbrel,,
craig stammen,,
craig yoho,,
cre finfrock,,
cristhian tortosa,,
cristhofer gonzalez,,
cristian charle,,
cristian diaz,,
cristian galindo,,
cristian hernandez,,
cristian javier,,
cristian jimenez,,
cristian mena,,
cristian nunez,,
cristian rueda,,
cristobal abreu,,
cristofer gomez,,
cristofer melendez,,
cristofer mezquita,,
cristofer ogando,,
cristofer soriano,,
cristofher carrasco,,
cristopher castro,,
cristopher cruz,,
cristopher molina,,
cristopher presinal,,
cruz noriega,,
cullen kafka,,
curtis taylor,,
cy nielson,,
dahian santos,,
dailoui abad,,
dairon de jesus,,
daison acosta,,
daiveyon whittle,,
dakody clemmer,,
dakota chalmers,,
dakota donovan,,
dakota hawkins,,
dakota hudson,,
dakota mekkes,,
dale stanavich,,
dallas keuchel,,
dallas woolfolk,,
dalton fowler,,
dalton moats,,
dalton roach,,
dalton rogers,,
dalton stambaugh,,
damian jimenez,,
damian mendoza,,
damon casetta-stubbs,,
dan altavilla,,
dan hammer,,
dan straily,,
dan winkler,,
dane acker,,
dane dunning,,
danery tejada,,
daniel bard,,
daniel blair,,
daniel camarena,,
daniel castano,,
daniel corniel,,
daniel duarte,,
daniel federman,,
daniel gonzalez,,
daniel gossett,,
daniel guerra,,
daniel guerrero,,
daniel harper,,
daniel hudson,,
daniel juarez,,
daniel keaney,,
daniel lloyd,,
daniel martinez,,
daniel mejia,,
daniel mengden,,
daniel missaki,,
daniel norris,,
daniel nunan,,
daniel nunez,,
daniel palencia,,
daniel ponce de leon,,
daniel robert,,
daniel tillo,,
daniel zamora,,
daniele di monte,,
danis correa,,
dannel diaz,,
danny carrion,,
danny cody,,
danny denz,,
danny dopico,,
danny duffy,,
danny flatt,,
danny hilario,,
danny kirwin,,
danny moreno,,
danny watson,,
danny wilkinson,,
danny wirchansky,,
dante biasi,,
dante mendoza,,
dany jimenez,,
danyony pulido,,
darcy longstaff,,
darian rivero,,
dariel francia,,
dariel polanco,,
darien nunez,,
darin gillies,,
dario gardea,,
darius vines,,
darlin alcantara,,
darlin mendez,,
darlin noboa,,
darlin pinales,,
darlin saladin,,
darling florentino,,
darling solano,,
darlyn de la cruz,,
darrell thompson,,
darren bowen,,
darren o'day,,
darvin garcia,,
darwin rodriguez,yariel rodriguez,
darwinzon hernandez,,
daulton jefferies,,
dauri moreta,,
daury cabrera,,
daury vasquez,,
daury zapata,,
david bednar,,
david bracho,,
david buchanan,,
david davalillo,,
david dominguez,,
david ellingson,,
david festa,,
david griffin,,
david hale,,
david hess,,
david landeta,,
david leal,,
david lorduy,,
david mckay,,
david morgan,,
david morillo,,
david olivo,,
david parkinson,,
david phelps,,
david price,,
david robertson,,
david rodriguez,eduardo rodriguez,
david sanchez,,
david sandlin,,
david tiburcio,,
davidxon lara,,
davis daniel,,
davis feldman,,
davis polo,,
davis schwab,,
davis sharpe,,
davison palermo,,
dawel serda,,
dawil almonte,,
dawry segura,,
dax fulton,,
dayan reinoso,,
dayeison arias,,
deck mcguire,,
declan cronin,,
dedniel nunez,,
deibi rodriguez,elvin rodriguez,
deiver oliveros,,
deivi garcia,,
deivy cruz,,
deivy paulino,,
dellin betances,,
delvin capellan,,
delvis alegre,,
demarcus evans,,
dencer geraldo,,
denis reguillo,,
denison sanchez,,
dennis boatman,,
denny bentley,,
denny larrondo,,
denny lima,,
denny roman,,
denyi reyes,,
deolis guerra,,
dereck rodriguez,,
derek casey,,
derek corro,,
derek craft,,
derek diamond,,
derek holland,,
derek law,,
derek molina,,
derek true,,
derek west,,
deretd parra,,
dermis ordonez,,
derrick edington,,
destin dotson,,
develson aria,,
devereaux harrison,,
devin conn,,
devin kirby,,
devin smeltzer,,
devin sweet,,
devin williams,gavin williams,
devon roedahl,,
deybi salcedo,,
deyer zapata,,
deylen miley,,
deyni olivero,,
dheygler gimenez,,
dianye florentino,,
didier fuentes,,
didier vargas,,
diego barrera,,
diego castillo,,
diego chiquillo,,
diego dominguez,,
diego dugarte,,
diego granado,,
diego hernandez,,
diego navarro,,
diego palmero,,
dielmon urena,,
dietrich enns,,
dikember sanchez,,
dilan figueredo,,
dillon larsen,,
dillon maples,,
dillon overton,,
dillon peters,,
dillon tate,,
dinelson lamet,,
diogenes almengo,,
diomede sierra,,
dioni baez,,
dionys rodriguez,,
dioris de la rosa,,
diorys guerrero,,
diosmerky taveras,,
diovel mariano,,
dj herz,,
dj mccarty,,
dj snelten,,
dl hall,,
doimil perez,,
dom hamel,,
domingo acevedo,,
domingo german,,
domingo geronimo,,
domingo gonzalez,,
domingo robles,,
domingo tapia,,
dominic hambley,,
dominic leone,,
dominic perachi,,
dominic pipkin,,
donal montas,,
donny troconis,,
donovan benoit,,
donye evans,,
donys garcia,,
doug kirkland,,
doug nikhazy,,
douglas orellana,,
drake fellows,,
drew anderson,,
drew carlton,,
drew conover,,
drew dowd,,
drew garrett,reed garrett,
drew gray,,
drew hutchison,,
drew irvine,,
drew mcdaniel,,
drew parrish,,
drew pomeranz,,
drew rom,,
drew rucinski,,
drew smith,cade smith,
drew smyly,,
drew sommers,,
drew steckenrider,,
drew strotman,,
drew thorpe,,
drew verhagen,,
drey jameson,,
drue hackenberg,,
dualvert gutierrez,,
duane underwood jr,,
dugan darnell,,
duncan davitt,,
duncan snider,,
duque hebbert,,
durbin feltman,,
dusten knight,,
dustin saenz,justin slaten,
dwayne matos,,
dylan bice,,
dylan bundy,,
dylan burns,,
dylan carmouche,,
dylan castaneda,,
dylan coleman,,
dylan covey,,
dylan cumming,,
dylan delucia,,
dylan dodd,,
dylan file,dylan lee,
dylan floro,,
dylan hall,,
dylan heid,,
dylan king,bryan king,
dylan lesko,dylan lee,
dylan maclean,,
dylan nedved,,
dylan phillips,,
dylan ray,,
dylan simmons,,
dylan smith,,
dylan spacke,,
dylan spain,,
dylan tebrake,,
dylan wilson,,
easton mcgee,,
easton sikorski,,
eccel correa,,
eddy alberto,,
eddy demurias,,
eddy felix,,
eddy peralta,freddy peralta,
eddy yean,,
edelvis perez,,
edgar barclay,,
edgar escobar,,
edgar garcia,,
edgar isea,,
edgar leon,,
edgar manzo,,
edgar moreta,,
edgar navarro,,
edgar portes,,
edgar sanchez,,
edgar santana,,
edgardo henriquez,,
edgardo ibarra,,
edinson batista,,
edinson salgado,,
edinson valdespina,,
edinzo marquez,,
edison suriel,,
eduar gonzalez,,
eduar segovia,,
eduard monroy,,
eduardo fernandez,,
eduardo herrera,,
eduardo rivera,,
eduardo robles,,
eduardo soriano,,
eduardo tovar,,
eduardo zapata,,
eduarniel nunez,,
edwar chirinos,,
edwar colina,,
edwar polimir,,
edward baram,,
edward cabrera,,
edward cedano,,
edwin cervantes,,
edwin diaz,,
edwin escobar,,
edwin gonzalez,,
edwin jimenez,,
edwin moreno,,
edwin nunez,,
edwin rodriguez,elvin rodriguez,
edwin uceta,,
edwin zamudio,,
edwuin bencomo,,
efrain contreras,,
eiberson castellano,,
eider machuca,,
eiker huizi,,
eiver espinoza,,
eli ankeney,,
eli lingos,,
eli saul,,
eli villalobos,,
elian serrata,,
eliander alcalde,,
elias moscoso,,
eliazar de los santos,enyel de los santos,
eliazar dishmey,,
eliecer bata,,
eliecer romero,,
elieser hernandez,,
eliezer pena,,
eligio paredes,,
elijah birdsong,,
elijah dale,,
elijah pleasants,,
eliseo mota,,
elison joseph,,
elliot johnstone,,
elmer rodriguez-cruz,,
elvin jimenez,,
elvis alvarado,,
elvis garcia,luis garcia,
elvis jerez,,
elvis novas,,
elvis soto,,
elwis mijares,,
emailin montilla,,
emannoel madeira,,
emerson hancock,,
emerson talavera,,
emiliano teodo,,
emilio castillo,,
emilio marquez,,
emilio pagan,,
emilio vargas,,
emilker guzman,,
eminen flores,,
emmanuel chapman,,
emmanuel martinez,,
emmanuel ramirez,,
emmanuel reyes,,
emmet sheehan,,
emmett olson,,
enderjer sifontes,,
enderson mercado,,
endrys briceno,,
engel daniel peralta,,
engel silvestre,,
enger sanchez,,
engert garcia,,
enmanuel acosta,,
enmanuel de jesus,,
enmanuel mejia,,
enmanuel pinales,,
enmanuel solano,,
enniel cortez,,
enoli paredes,,
enrique carta,,
enrique coronel,,
enrique santana,,
enrique segura,,
enyer burgos,,
enyerber rivero,,
erasmo ramirez,,
erian rodriguez,randy rodriguez,
eriberto vasquez,,
eric adler,,
eric cerantola,,
eric dominguez,,
eric foggo,,
eric hanhold,,
eric lauer,,
eric mendez,,
eric orze,,
eric pardinho,,
eric prado,,
eric reyzelman,,
eric silva,,
eric skoglund,,
eric stout,,
eric torres,,
eric veras,,
eric yardley,,
eric yost,,
erich uelmen,,
erick padilla,,
erick pinales,,
erick reynoso,,
erick rodriguez,elvin rodriguez,
erik martinez,nick martinez,
erik miller,,
erik rivera,,
erik sabrowski,,
erik swanson,,
erik tolman,,
eriq swan,,
eris rodriguez,elvin rodriguez,
ernesto jaquez,,
ernesto mercedes,,
ernie day,,
erubiel armenta,,
ervin santana,,
ervin torres,,
esmerlin vinicio,,
estarlin cruz,,
estarlin escalante,,
estarlin francisco,,
estarlin rodriguez,elvin rodriguez,
esteban luna,,
estibenzon jimenez,,
ethan bosacker,,
ethan chenault,,
ethan hammerberg,,
ethan hankins,,
ethan lindow,,
ethan pecko,,
ethan roberts,,
ethan routzahn,,
ethan small,,
ettore giulianelli,,
eudry alcantara,sandy alcantara,
eudrys manon,,
eudy liriano,,
euri montero,,
eury perez,,
eury ramos,,
eury rosado,,
evan fitterer,,
evan gates,,
evan johnson,ryan johnson,
evan justice,,
evan kravetz,,
evan lee,,
evan marshall,,
evan mckendry,,
evan miller,,
evan phillips,,
evan reifert,,
evan shawver,,
evan sisk,,
evan taylor,,
evelio hernandez,,
ever moya,,
everhett hazelwood,,
eward rodriguez,eduardo rodriguez,
eybersson polanco,,
ezequiel bonilla,,
ezequiel jimenez,,
ezequiel ventura,,
fabian gallardo,,
fabian soto,,
fabian ysalla,,
fabricio reina,,
federik jimenez,,
felipe bello,,
felipe de la cruz,,
felipe de los santos,enyel de los santos,
felipito santos,,
felix arronde,,
felix cabrera,,
felix castro,,
felix cepeda,,
felix minjarez,,
felix paulino,,
felix pena,,
felix polanco,,
felix ramires,,
fermin magallanes,,
fernando abad,,
fernando guanare,,
fernando lozano,,
fernando olguin,,
fernando ortega,,
fernando perez,fernando cruz,
fernando sanchez,,
fineas del bonta-smith,,
fitz stadler,,
florencio serrano,,
forrest whitley,,
foster griffin,,
fraimin marte,,
frainer mejias,,
frainger aranguren,,
fran castro,,
francis hernandez,,
francis marte,,
francis peguero,,
francis pena,,
francis reynoso,,
francis rivera,,
francis texido,,
francisco frias,,
francisco lucumi,,
francisco mercado,,
francisco morales,,
francisco morao,,
francisco pazos,,
francisco perez,,
franck de la rosa,,
franco aleman,,
francys peguero,,
frander veras,,
franderly morel,,
frandy rodriguez,randy rodriguez,
frank duncan,,
frank german,,
frank martinez,nick martinez,
frank moreno,,
frank mozzicato,,
frank rubio,,
frankeli arias,,
frankie montas,,
frankie scalzo jr,,
franklin dacosta,,
franklin de la paz,,
franklin gil,,
franklin gomez,,
franklin marquez,,
franklin perez,,
franklin sanchez,,
franklyn kilome,,
franklyn moreta,,
franly urena,,
franny cobos,,
franyel diaz,,
franyelson rodriguez,randy rodriguez,
franyer herrera,,
franyerson reyes,,
fraser ellard,,
fraylin suriel,,
fraynel nova,,
fred schlichtholz,,
fred villarreal,,
freddery paulino,,
freddy pacheco,,
freddy tarnok,,
frederic frias,,
frederic garcia,,
freilyn guzman,,
freilyn silverio,,
frelianderson seijas,,
frenny grant,,
freylin garcia,,
gabe bierman,,
gabe emmett,,
gabe klobosits,,
gabe morales,,
gabe mosser,,
gabe speier,,
gabe starks,,
gabriel agostini,,
gabriel agrazal,,
gabriel aguilera,,
gabriel barbosa,,
gabriel colmenarez,,
gabriel cotto,,
gabriel hernandez,daysbel hernandez,
gabriel hughes,,
gabriel jackson,,
gabriel jaramillo,,
gabriel ponce,,
gabriel reyes,,
gabriel rodriguez,yariel rodriguez,
gabriel sequeira,,
gabriel sosa,,
gabriel torres,,
gabriel yanez,,
gage stanifer,,
garrett acton,,
garrett apker,,
garrett baumann,,
garrett brown,,
garrett burhenn,,
garrett cleavinger,,
garrett davila,,
garrett farmer,,
garrett hawkins,,
garrett hill,,
garrett irvin,,
garrett leonard,,
garrett mcdaniels,,
garrett mcmillan,,
garrett ramsey,,
garrett richards,,
garrett schilling,,
garrett schoenle,,
garrett stallings,,
garrett williams,,
garrison bryant,,
garvin alston,,
gary gill hill,,
gavin collyer,,
gavin hollowell,,
gavin stone,,
geison urbaez,,
gemil santa,,
genderson almonte,,
genderson zapata,,
genesis cabrera,,
geoff hartlieb,,
geoffrey gilbert,,
george kirby,,
george klassen,,
gerald ogando,,
geralmi santana,,
gerardo abrego,,
gerardo carrillo,,
gerardo gutierrez,,
gerardo reyes,,
gerelmi maldonado,,
gerlin rosario,,
german fajardo,,
german nunez,,
geronimo franzua,,
gerrit cole,,
gerson balbino,,
gerson calzadilla,,
gerson moreno,,
geury rodriguez,eduardo rodriguez,
gianluca dalatri,,
gil luna,,
gilberto alcala,,
gilberto batista,,
gilberto chu,,
gio arriera,,
giomar diaz,,
giovanny gallegos,,
giussepe velasquez,,
gleiner diaz,,
glenn albanese jr,,
glenn otto,,
gordon graceffo,,
grabiel salazar,,
graeme stinson,,
graham ashcraft,,
graham firoved,,
graham hoffman,,
graham lawson,,
graham osman,,
graham spraker,,
grant black,,
grant dayton,,
grant ford,,
grant gambrell,,
grant gavin,,
grant hartwig,,
grant holman,grant holmes,
grant judkins,,
grant kipp,,
grant rogers,,
grant wolfram,,
gray fenter,,
grayson moore,,
grayson rodriguez,randy rodriguez,
grayson thurman,,
greg holland,,
gregori louis,,
gregori montano,,
gregori vasquez,,
gregoris chalas,,
gregory sanchez,,
greiber mendez,,
greudis de los santos,,
griff mcgarry,,
griffin jax,,
griffin mclarty,,
griffin roberts,,
guillermo arvizu,,
guillo zuniga,,
gunnar groen,,
gunnar hoglund,,
gunner mayer,,
gus varland,louis varland,
gustavo del pozo,,
gustavo rivas,,
gustavo rodriguez,,
haden erbe,,
hader blanco,,
hagen danner,,
haminton mendez,,
hamlet garcia,,
hancel rincon,,
hanfermin vargas,,
hans crouse,,
hansel rincon,,
hansel robles,,
hansel rosario,,
hansen butler,,
harif frias,,
harol arias,,
harol gonzalez,,
harold chirino,,
harold cortijo,,
harold melenge,,
harrison beethe,,
harrison cohen,,
harrison durow,,
harry gustin,,
harry rutkowski,,
hayden birdsong,,
hayden deal,,
hayden durke,,
hayden harris,,
hayden juenger,,
hayden merda,,
hayden minton,,
hayden mullins,,
hayden nierman,,
hayden seig,,
hayden snelsire,hayden wesneski,
hayden wynja,,
hayder ortiz,,
hayes heinecke,,
haylen green,,
hayrol done,,
hazahel quijada,,
heath hembree,,
heath holder,,
hector neris,,
hector perez,,
hector santiago,,
heisell baro,,
heitor tokar,,
helcris olivarez,,
hendry nunez,,
henrison mota,,
henry baez,,
henry gomez,yoendrys gomez,
henry henry,,
henry lalane,,
henry martinez,,
henry montilla,,
henry tejada,,
henry valencio,,
henry williams,,
henson leal,,
heribert garcia,robert garcia,
hever bueno,,
hiro wyatt,,
hirokazu sawamura,,
hobie harris,,
hoby milner,,
hogan harris,,
holden capps,,
holden laws,,
holden powell,,
holt jones,,
horacio andujar,,
houston harding,,
houston roth,,
huascar ynoa,,
hudson leach,,
huei-sheng lin,,
hueston morrill,,
hugh fisher,,
hugo beltran,,
hugo villalobos,,
humberto castellanos,,
humberto mejia,,
hung-leng chang,,
hunter barco,hunter brown,
hunter bigge,,
hunter breault,,
hunter dobbins,,
hunter dollander,,
hunter dula,,
hunter furtado,,
hunter gregory,,
hunter harvey,,
hunter hayes,,
hunter kublick,,
hunter mann,,
hunter mcmahon,,
hunter owen,hunter brown,
hunter parks,,
hunter parsons,,
hunter patteson,,
hunter peck,,
hunter perdue,,
hunter riggins,,
hunter schryver,,
hunter stanley,,
hunter stratton,,
hunter strickland,,
hunter wood,,
hurston waldrep,,
hyeon-jong yang,,
hyun jin ryu,,
hyun-il choi,,
hyun-seok jang,,
ian bedell,,
ian churchill,,
ian foggo,,
ian hamilton,,
ian kennedy,,
ian koenig,,
ian krol,,
ian mckinney,,
ian mejia,,
ian seymour,,
ian villers,,
ignacio briceno,,
ignacio feliz,,
ike buxton,,
ike schlabach,,
ilmerson colon,,
indigo diaz,,
inmer lobo,,
inohan paniagua,,
irv carter,,
irving cota,,
irving vazquez,,
isaac coffey,,
isaac gallegos,,
isaac mattson,,
isaac rudecindo,,
isaac stebens,,
isaiah campbell,,
isaiah coupet,,
isaiah lowe,,
isaias uribe,,
ismael cabral,,
ismael laureano,,
ismael luciano,,
ismael michel,,
ismael mota,,
israel puello,,
issac solano,,
ivan armstrong,shawn armstrong,
ivan oviedo,,
ixan henderson,ian anderson,
izack tiger,,
ja happ,,
jace beck,,
jace fry,,
jace kaminska,,
jace vines,,
jacinto arredondo,,
jack aldrich,,
jack anderson,ian anderson,
jack carey,,
jack choate,,
jack cushing,,
jack dallas,,
jack dashwood,,
jack degroat,,
jack hartman,,
jack jasiak,,
jack leftwich,,
jack little,jack leiter,
jack mahoney,,
jack neely,,
jack noble,,
jack o'loughlin,,
jack owen,,
jack patterson,,
jack perkins,,
jack ralston,,
jack sellinger,,
jack sinclair,,
jack snyder,,
jack weisenburger,,
jack wenninger,,
jack white,,
jackson baumeister,,
jackson cox,,
jackson ferris,,
jackson finley,,
jackson fristoe,,
jackson goddard,,
jackson hicks,,
jackson humphries,,
jackson kelley,,
jackson kowar,,
jackson lancaster,,
jackson leath,,
jackson nezuh,,
jackson rees,,
jackson rose,jackson jobe,
jackson rutledge,,
jackson smeltz,,
jackson stephens,,
jackson tetreault,,
jackson wolf,,
jacob bosiokovic,,
jacob bresnahan,,
jacob coats,,
jacob cravey,,
jacob delabio,,
jacob heatherly,,
jacob kostyshock,,
jacob latz,,
jacob lemoine,,
jacob lopez,,
jacob maton,,
jacob meador,,
jacob miller,,
jacob misiorowski,,
jacob steinmetz,,
jacob waguespack,,
jacob wallace,,
jacob watters,,
jacob wosinski,,
jacques pucheu,,
jaden hamm,,
jaden hill,,
jaden woods,,
jagger haynes,,
jaiker garcia,,
jaime arias,,
jaime barria,,
jaime melendez,,
jair jimenez,,
jairo iriarte,,
jairo solis,,
jairo vasquez,,
jairon digon,,
jaison brete,,
jaitoine kelly,,
jake arrieta,,
jake bennett,,
jake bird,,
jake bloss,,
jake bockenstedt,,
jake brentz,,
jake brooks,,
jake cantleberry,,
jake christianson,,
jake cousins,,
jake dahlberg,,
jake diekman,,
jake eddington,,
jake eder,,
jake elliott,,
jake faria,,
jake fishman,,
jake fitzgibbons,,
jake garland,,
jake gilbert,,
jake gozzo,,
jake haberer,,
jake higginbotham,,
jake jewell,,
jake kalish,,
jake lee,,
jake lyons,,
jake madden,,
jake mcgee,,
jake mcsteen,,
jake miednik,,
jake miller,,
jake newberry,,
jake odorizzi,,
jake palisch,,
jake peppers,,
jake petricka,,
jake pfennigs,,
jake pilarski,,
jake prizina,,
jake reed,,
jake reindl,,
jake rice,,
jake sanchez,,
jake schrand,,
jake smith,cade smith,
jake sommers,,
jake stevenson,,
jake sweeney,,
jake thompson,,
jake walkinshaw,,
jake walsh,,
jake walters,,
jake wong,,
jake woodford,,
jakob brustoski,,
jakob hernandez,,
james acuna,,
james bourque,,
james gonzalez,,
james hicks,,
james kaprielian,,
james karinchak,,
james marinan,,
james marvel,,
james mcarthur,,
james meeker,,
james naile,,
james norwood,,
james paxton,,
james proctor,,
jamison hill,,
jan caraballo,,
jandel gustave,,
janderson linares,,
jank pichardo,,
janson junk,,
jared beck,,
jared biddy,,
jared johnson,,
jared jones,,
jared karros,,
jared kelley,,
jared kollar,,
jared lyons,,
jared poland,,
jared shuster,,
jared solomon,,
jared southard,,
jared tobey,,
jared wetherbee,,
jaren zinn,,
jarlen de la paz,,
jarlin garcia,,
jarlin susana,,
jarod bayless,,
jarod wright,,
jarol baez,,
jarold rosado,,
jarret whorff,,
jarrod cande,,
jason alexander,,
jason bahr,,
jason bilous,,
jason blanchard,,
jason bonilla,,
jason creasy,,
jason foley,,
jason franks,,
jason ruffcorn,,
jason savacool,,
jasseel de la cruz,,
javi rivera,,
javier assad,,
javier atencio,,
javier bartolozzi,,
javier chacon,,
javier fuenmayor,,
javier gonzalez,,
javier ramos,,
javy guerra,,
jawilme ramirez,,
jaxon wiggins,,
jay driver,,
jay groome,,
jay jackson,,
jaycob deese,,
jayden murray,,
jaydenn estanista,,
jaylen nowlin,,
jayson schroeder,,
jayvien sandridge,,
jb bukauskas,,
jb olson,,
jb wendelken,,
jc flowers,,
jc keys,,
jc mejia,,
jc ramirez,,
jd hammer,,
jean cabrera,,
jean calderon,,
jean carlos reyes,,
jean correa,,
jean herrera,,
jean munoz,,
jean pinto,,
jean reyes,,
jecsua liborius,,
jedixson paez,,
jeferson figueroa,,
jeferson lopez,,
jeff bain,,
jeff belge,,
jeff brigham,,
jeff criswell,,
jeff hakanson,,
jeff lindgren,,
jeff singer,,
jefferson jean,,
jefferson lopez,,
jefferson moran,,
jeffrey colon,,
jeffrey familia,,
jeffrey german,,
jeffrey passantino,,
jefrem leon,,
jefry rodriguez,randy rodriguez,
jefry yan,,
jeiki beltran,,
jeison calvo,,
jeison pena,,
jeison sanchez,,
jeisson cabrera,,
jemir leal,,
jenrry gonzalez,,
jensen elliott,,
jerad eickhoff,,
jeral vizcaino,,
jeremiah burke,,
jeremy beasley,,
jeremy gonzalez,,
jeremy lee,,
jeremy martinez,,
jeremy molero,,
jeremy peguero,,
jeremy pilon,,
jeremy reyes,,
jeremy walker,,
jeremy wu-yelland,,
jermayne verdu,,
jerming rosario,,
jerson alejandro,,
jerson ramirez,,
jervis alfaro,,
jesael cabrera,,
jesse bergin,,
jesse biddle,,
jesse hahn,,
jesse scholtens,,
jesse wainscott,,
jesus a rodriguez,,
jesus broca,,
jesus carrera,,
jesus clode,,
jesus colina,,
jesus cruz,,
jesus flores,,
jesus garcia,,
jesus gonzalez,,
jesus linarez,,
jesus liranzo,,
jesus lopez,,
jesus luna,,
jesus mendez,,
jesus palacios,,
jesus poline,,
jesus rios,,
jesus rivero,,
jesus silverio,,
jesus tillero,,
jesus tinoco,,
jesus valdez,,
jesus valles,,
jesus vargas,,
jeter martinez,,
jeurys familia,,
jeyson mejia,,
jhan marinez,,
jhan zambrano,,
jhancarlos lara,,
jharel cotton,,
jharold clemente,,
jhemiangel tovar,,
jheremy vicente,,
jhoan duran,,
jhoan lorenzo,,
jholbran herder,,
jhomber jimenez,,
jhon cabral,,
jhon medina,,
jhon nunez,,
jhon romero,jojo romero,
jhonatan munoz,,
jhonathan diaz,,
jhoniel serrano,,
jhonly taveras,,
jhonny felix,,
jhonny gomez,,
jhonny jimenez,,
jhonny martinez,,
jhony brito,,
jhosep chirinos,,
jhosmer alvarez,,
jhoulys chacin,,
jilber canas,,
jimmie sherfy,,
jimmy burnette,,
jimmy cordero,,
jimmy endersby,,
jimmy herget,,
jimmy joyce,,
jimmy kingsbury,,
jimmy lambert,,
jimmy lewis,,
jimmy loper,,
jimmy nelson,,
jimmy reyes,,
jimmy robbins,,
jimmy yacabonis,,
jiorgeny casimiri,,
jj goss,,
jj niekro,,
jj sanchez,,
joakim soria,,
joan adon,,
joan gonzalez,,
joan martinez,,
joan ogando,,
joan valdez,,
joander suarez,jose suarez,
joangel gonzalez,,
joaquin tejada,,
joe adametz,,
joe barlow,,
joe biagini,,
joe boyle,,
joe corbett,,
joe demers,,
joe elbis,,
joe gatto,,
joe gunkel,,
joe harvey,,
joe jacques,,
joe jimenez,,
joe joe rodriguez,,
joe jones,,
joe kelly,,
joe kemlage,,
joe la sorsa,,
joe miller,,
joe musgrove,,
joe nahas,,
joe navilhon,,
joe record,,
joe rock,,
joe ross,,
joe smith,,
joe whitman,,
joe wieland,,
joe zanghi,,
joel benitez,,
joel canizalez,,
joel condreay,,
joel diaz,,
joel garcia,,
joel heredia,,
joel hurtado,,
joel ibarra,,
joel kuhnel,,
joel peguero,elvis peguero,
joel valdez,,
joelvis del rosario,,
joelvis perez,,
joely rodriguez,elvin rodriguez,
joey gerber,,
joey krehbiel,,
joey lancellotti,,
joey lucchesi,,
joey mancini,,
joey marciano,,
joey matulovich,,
joey murray,,
joey stock,,
joey walsh,,
jogly garcia,,
johan dominguez,,
johan minaya,,
johan montero,,
johan moreno,,
johan otanez,,
johan oviedo,,
johan palacios,,
johan quezada,,
johan rodriguez,randy rodriguez,
johan simon,,
johander rubio,,
johandry fuente,,
johandry milano,,
john beller,,
john brebbia,,
john creel,,
john curtiss,,
john doxakis,,
john gant,,
john gavin,,
john king,,
john klein,,
john lynch,,
john matthews,,
john mcmillon,,
john means,,
john michael bertrand,,
john murphy,,
john o'reilly,,
john parke,,
john rooney,,
john russell,,
john sosa,,
john stankiewicz,,
john swanda,,
john wilson,,
johnathan harmon,,
johnathan lavallee,,
johnathan rogers,,
johnny cueto,,
johnny ray,sonny gray,
johzan oquendo,,
jojanse torres,,
jojo ingrassia,,
jol concepcion,,
joldanny genao,,
joldelanio de los santos,,
jon duplantier,,
jon gray,,
jon lester,,
jon olczak,,
jon olsen,,
jonah dipoto,,
jonah hurney,,
jonah scolaro,,
jonah tong,,
jonaiker castellar,,
jonalbert rumbol,,
jonas uzcategui,,
jonatan bernal,,
jonathan aro,jonathan cannon,
jonathan batista,,
jonathan bermudez,,
jonathan bowlan,,
jonathan brand,,
jonathan edwards,,
jonathan heasley,,
jonathan hennigan,,
jonathan hernandez,,
jonathan holder,,
jonathan hughes,,
jonathan jimenez,,
jonathan loaisiga,,
jonathan petit,,
jonathan pintaro,,
jonathan russell,,
jonathan salazar,,
jonathan sprinkle,,
jonawel valdez,,
joneiker arellano,,
jonh henriquez,ronny henriquez,
jonney rosario,,
jonny cuevas,,
jordan balazovic,,
jordan brink,,
jordan carr,,
jordan divalerio,,
jordan fowler,,
jordan geber,,
jordan gore,,
jordan holloway,,
jordan jackson,,
jordan jones,,
jordan lyles,,
jordan marks,,
jordan mikel,,
jordan montgomery,,
jordan powell,,
jordan sheffield,,
jordan valenzuela,,
jordan weems,,
jordan wicks,jordan hicks,
jordan yamamoto,,
jordano perez,,
jordany chirinos,,
jordany ventura,,
jordarlin mendoza,,
jordi infante,,
jordi martinez,,
jordy arias,,
jordy luciano,,
jordy vargas,,
jorge alcala,,
jorge bautista,,
jorge benitez,,
jorge de leon,,
jorge garcia,,
jorge geraldo,,
jorge gonzalez,,
jorge guerra,,
jorge guzman,,
jorge herrera,,
jorge juan,,
jorge lopez,,
jorge luna,,
jorge marcheco,,
jorge martinez,,
jorge mercedes,,
jorge minyety,,
jorge ramos,,
jorge rodriguez,,
jorger petri,,
jormy nivar,,
josan mendez,,
josbel garcia,,
jose acuna,,
jose adames,,
jose aguirre,,
jose alcantara,,
jose alvarez,jose alvarado,
jose atencio,,
jose bello,,
jose betances,,
jose bravo,,
jose cabrera,,
jose castillo,joey cantillo,
jose chacin,,
jose chavez,jesse chavez,
jose chirinos,,
jose cisnero,,
jose corniell,,
jose cruz,,
jose cuas,,
jose davila,,
jose de la rosa,,
jose de leon,,
jose diaz,,
jose dicochea,,
jose e hernandez,,
jose e martinez,,
jose espada,,
jose felipe torres,,
jose feliz,,
jose fermin,,
jose fernandez,,
jose fleury,,
jose franco,,
jose garces,,
jose geraldo,,
jose gomez,,
jose gonzalez,,
jose guedez,,
jose guevara,,
jose jimenez,,
jose leandro,,
jose linares,,
jose lopez,,
jose luis reyes,,
jose marte,,
jose martinez,,
jose mendoza,,
jose meneses,,
jose miguel gonzalez,,
jose montero,,
jose montilla,,
jose moreno,,
jose mujica,,
jose ojeda,,
jose olivares,,
jose pena jr,,
jose pinto,,
jose quezada,,
jose quijada,,
jose quintana,,
jose ramirez,,
jose regalado,,
jose rengel,,
jose rodriguez,,
jose rojas,,
jose romero,jojo romero,
jose ruiz,,
jose salvador,jose alvarado,
jose santamaria,,
jose serrano,jose soriano,
jose silvestre,,
jose ulloa,,
jose urbina,,
jose urena,,
jose urquidy,,
jose varela,,
jose vasquez,,
joseilyn gonzalez,,
joseph hernandez,,
joseph herrera,,
joseph king,,
joseph menefee,,
joseph montalvo,,
joseph yabbour,,
josh bortka,,
josh bostick,,
josh dye,,
josh ekness,,
josh fleming,,
josh gessner,,
josh green,,
josh grosz,,
josh hansell,,
josh harlow,,
josh hejka,,
josh hendrickson,,
josh james,,
josh knoth,,
josh lindblom,,
josh maciejewski,,
josh mollerus,,
josh osich,,
josh roberson,,
josh rogers,,
josh sborz,,
josh simpson,,
josh smith,,
josh staumont,,
josh stephan,,
josh swales,,
josh taylor,,
josh timmerman,,
josh tomlin,,
josh trentadue,,
josh walker,,
josh white,,
josh winckowski,,
josh winder,,
josh wolf,,
joshawn lampson,,
joshua cornielly,,
joshua loeschorn,,
joshua quezada,,
josiah gray,,
josias de los santos,,
josimar cousin,,
josmar acevedo,,
josnier parra,,
jostin florentino,,
josue arias,,
josue carmona,,
josue panacual,,
jovani moran,,
jovi galvez,,
jp feyereisen,,
jp france,,
jp massey,,
jp wheat,,
jp woodward,,
jr ritchie,,
jt brubaker,,
jt chargois,,
jt ginn,,
jt hintzen,,
juan abreu,,
juan amarante,,
juan archbold,,
juan arnaud,,
juan bello,,
juan burgos,,
juan carela,,
juan cota,,
juan daniel encarnacion,,
juan de la cruz,,
juan de los santos,enyel de los santos,
juan duran,,
juan henriquez,,
juan hillman,,
juan manuel abril,,
juan martinez,justin martinez,
juan mateo,,
juan mejia,,
juan mendez,,
juan mercedes,,
juan minaya,,
juan morillo,,
juan nunez,,
juan oramas,,
juan ortega,,
juan ozuna,,
juan pablo lopez,pablo lopez,
juan pinto,,
juan rasquin,,
juan reynoso,,
juan rodriguez,randy rodriguez,
juan rojas,,
juan salas,,
juan sanchez,,
juan severino,,
juan soto,,
juan then,,
juan valera,,
juan zapata,,
juanmi vasquez,,
juaron watts-brown,,
julian aguiar,,
julian bosnic,,
julian fernandez,ryan fernandez,
julian garcia,,
julian merryweather,,
julian smith,,
julian valdez,,
julio bonilla,,
julio dilone,,
julio frias,,
julio goff,,
julio marte,,
julio mendez,,
julio ortiz,,
julio pinto,,
julio polanco,,
julio ramirez,,
julio robaina,,
julio rodriguez,elvin rodriguez,
julio rosario,,
julio teheran,,
julio urias,,
julio zapata,,
junior cerda,,
junior fernandez,,
junior flores,,
junior garcia,,
junior guerra,,
junior mieses,,
junior montero,,
junior pina,,
junior sanchez,,
junior santos,,
junior william,,
justin anderson,ian anderson,
justin armbruester,,
justin bruihl,,
justin bullock,,
justin caceres,,
justin courtney,,
justin dillon,,
justin dunn,,
justin evans,,
justin fall,,
justin garza,,
justin grimm,,
justin hagenman,,
justin jarvis,,
justin kelly,,
justin king,,
justin lange,justin slaten,
justin lasko,,
justin lawson,,
justin lewis,,
justin maese,,
justin meis,,
justin militello,,
justin miller,,
justin nicolino,,
justin sanchez,,
justin showalter,,
justin storm,,
justin topa,,
justin wilson,,
justin wrobleski,,
justin yeager,,
justus sheffield,,
kade mcclure,,
kade mechals,,
kade morris,,
kade strowd,,
kai peterson,david peterson,
kai wynyard,,
kai-wei lin,,
kai-wei teng,,
kaleb bowman,,
kaleb ort,,
kaleb roper,,
kamdyn perry,,
kamron fields,,
kannon handy,,
karan patel,,
karl kauffmann,,
karlo seijas,,
karlos morales,,
karson milbrandt,,
kasey ford,,
kasey kalich,,
kazuhisa makita,,
kc hunt,,
keagan gillies,,
keaton winn,,
keegan collett,,
keegan curtis,,
keegan james,,
keegan thompson,,
keegan zinn,keegan akin,
keeler morfe,,
keiber armas,,
keider herrera,,
keider montero,,
keiner leon,,
keith rogalla,,
keiverson ramirez,,
kelly austin,,
kelvin bautista,felix bautista,
kelvin caceres,,
kelvin carmona,,
kelvin laroche,,
kelvin nunez,,
kelvin perez,,
kelvin ramirez,,
kelvin rosario,,
kelvis salcedo,,
ken giles,,
ken waldichuk,,
kendal meza,,
kendall graveman,,
kendall williams,,
kendeglys virguez,,
kendry rojas,,
keneth quintanilla,,
keninson diaz,,
kenny hernandez,,
kenny pinto,,
kenny rosenberg,,
kent emanuel,,
kent hasler,,
kenta maeda,,
kenten egbert,,
kenya huggins,,
kenyi perez,,
kenyon yovan,,
keone kela,,
kervin castro,,
keuri almonte,,
kevin abel,,
kevin briceno,,
kevin camacho,,
kevin coulter,,
kevin gadea,,
kevin garcia,,
kevin ginkel,,
kevin gowdy,,
kevin herget,,
kevin kopps,,
kevin malisheski,,
kevin milam,,
kevin miranda,,
kevin rodriguez,elvin rodriguez,
kevin smith,,
kevin stevens,,
kevin tejada,,
kevin valdez,,
kevin velasco,,
kevison hernandez,,
keylan killgore,,
keynan middleton,,
keyner benitez,,
keyshawn askew,,
keythel key,,
keywill cedeno,,
khristian curtis,,
khristian guevara,,
kikito severino,,
kinn omosako,,
kirby snead,,
kirk mccarty,,
kleiber olmedo,,
kleyderve andrade,,
kobe robinson,,
kodi whitley,,
kody funderburk,,
koen moreno,,
kohei arihara,,
kohl drake,,
kohl franklin,,
kohl simas,,
kohl stewart,,
kolby allard,,
kolby kubichek,,
kole ramage,,
kolton curtis,,
kolton ingram,,
konner wade,,
konnor ash,,
konnor pilkington,,
kris anglin,,
krisspy valdez,,
kristian cardozo,,
kristofer bow,,
kumar nambiar,,
kutter crawford,,
kwang hyun kim,,
ky bush,,
kyle amendt,,
kyle backhus,,
kyle barraclough,,
kyle bird,,
kyle bischoff,,
kyle bradish,,
kyle brnovich,,
kyle carr,,
kyle cody,,
kyle crick,,
kyle crigger,,
kyle dohy,,
kyle dowdy,,
kyle finnegan,,
kyle funkhouser,,
kyle gibson,,
kyle glogoski,,
kyle harrison,,
kyle hill,,
kyle hurt,kyle hart,
kyle johnson,,
kyle johnston,,
kyle jones,,
kyle keller,,
kyle kubat,,
kyle larsen,,
kyle luckham,,
kyle marman,,
kyle mcgowin,,
kyle molnar,,
kyle mora,,
kyle muller,,
kyle nelson,ryne nelson,
kyle nicolas,,
kyle ryan,,
kyle scott,tayler scott,
kyle tyler,,
kyle virbitsky,,
kyle whitten,,
kyle wilcox,,
kyle wilson,,
kyle wright,,
kyle zimmer,,
kyle zurak,,
lachlan wells,,
lael lockhart,,
lance lynn,,
lance mccullers jr,,
landany alfonseca,,
landon harper,,
landon knack,,
landon leach,,
landon marceaux,,
landon sims,,
landon tomkins,,
lane ramsey,,
larson kindreich,,
layne henderson,,
layonel ovalles,,
lazaro estrada,,
leam mendez,,
leandro lopez,,
ledwin gonzalez,,
ledwin taveras,,
lenin mendez,,
lenny torres jr,,
leodarlyn colon,,
leomar rosario,,
leon hunter jr,,
leonard garcia,,
leonardo lugo,,
leonardo pestana,,
leonardo rossel,,
leonardo taveras,,
leonel sequera,,
leoni de la cruz,,
lester nin,,
leudy tirado,,
leuris portorreal,,
leury tejada,,
levi prater,,
levi stoudt,,
levi thomas,,
levi wells,,
lewis sifontes,,
lewis thorpe,,
liam doolan,,
liam hendriks,,
liam jenkins,,
liam norris,,
liam simon,,
liam sullivan,,
lincoln henzman,,
liomar martinez,,
lisander brito,,
lisander de la cruz,,
lisandro almonte,,
lisandro santos,,
lisnerkin lantigua,,
listher sosa,,
liu fuenmayor,,
livan reinoso,,
lj mcdonough,,
ljay newsome,,
lluveres severino,luis severino,
locke st john,,
logan boyer,,
logan britt,,
logan clayton,,
logan cozart,,
logan evans,,
logan gillaspie,,
logan gragg,,
logan henderson,,
logan hofmann,,
logan lyle,logan allen,
logan martin,,
logan rinehart,,
logan sawyer,,
logan shore,,
logan vanwey,,
logan verrett,,
logan workman,,
lorenzo encarnacion,,
lou trivino,,
louis head,,
luarbert arias,,
lucas braun,,
lucas erceg,,
lucas gilbreath,,
lucas giolito,,
lucas gordillo,,
lucas gordon,,
lucas jacobsen,,
lucas knowles,,
lucas luetge,,
lucas wepf,,
luciano romero,,
ludwin jimenez,,
luichi casilla,,
luifer romero,,
luigi hernandez,,
luimy munoz,,
luinder avila,,
luis a reyes,,
luis a rodriguez,,
luis aguilar,,
luis alcala,,
luis almonte,,
luis amaya,,
luis amoroso,,
luis angel rodriguez,,
luis arejula,,
luis arestigueta,,
luis avila,,
luis avilan,,
luis baldiris,,
luis barroso,,
luis beltran,,
luis bermudez,,
luis carias,luis garcia,
luis carrasco,,
luis cepeda,,
luis cesar,,
luis cessa,,
luis cohen,,
luis curvelo,,
luis de avila,,
luis de aza,,
luis de la cruz,,
luis de la rosa,,
luis de leon,,
luis devers,,
luis diaz,,
luis espinoza,,
luis f castillo,luis castillo,
luis f ortiz,luis ortiz,
luis flores,,
luis frias,,
luis gastelum,,
luis german,,
luis gil,,
luis gomez,,
luis gonzalez,,
luis guerrero,,
luis guevara,,
luis gutierrez,,
luis hernandez,,
luis jerez,,
luis joseph,,
luis l ortiz,luis ortiz,
luis ledo,,
luis madero,,
luis madrazo,,
luis maracara,,
luis martinez,,
luis martinez-gomez,,
luis medina,,
luis mey,,
luis moncada,,
luis montas,luis contreras,
luis morales,,
luis morellis,,
luis moreno,,
luis nunez,,
luis osorio,,
luis oviedo,,
luis pacheco,,
luis palacios,,
luis patino,,
luis perales,luis peralta,
luis perdomo,,
luis polanco,,
luis quinones,,
luis ramirez,,
luis reyes,,
luis rijo,,
luis rodriguez,elvin rodriguez,
luis romero,,
luis rujano,,
luis sanchez,,
luis serna,,
luis talavera,,
luis tejeda,,
luis torres,,
luis valdez,,
luis vargas,,
luis vasquez,,
luis vega,,
luis velasquez,,
luis victorino,,
luis viloria,,
luis vizcaino,,
luke albright,,
luke anderson,tyler anderson,
luke bard,,
luke barker,,
luke bell,,
luke boyd,,
luke farrell,,
luke fox,,
luke little,,
luke murphy,,
luke russo,,
luke savage,,
luke shilling,,
luke stofel,,
luke summers,,
luke taggart,,
luke weaver,,
luke westphal,,
luke young,,
lyon richardson,,
mac lardner,,
mac sceroler,,
maceo campbell,,
mack anglin,,
mack lemieux,,
maddux bruns,,
madison bumgarner,,
madison jeffrey,,
mado villegas,,
magdiel cotto,,
magnus ellerts,,
maicor serrano,,
maikel hernandez,,
maikel miralles,,
maikel rodriguez,yariel rodriguez,
malcolm van buren,,
malik barrington,,
malik binns,,
malvin pena,,
manny banuelos,,
manny ramirez,,
manuel alvarez,,
manuel cachutt,,
manuel castro,,
manuel cazorla,,
manuel davila,,
manuel de la rosa,,
manuel espinoza,,
manuel heredia,,
manuel medina,,
manuel mercedes,,
manuel olivares,,
manuel osorio,,
manuel perez,,
manuel urias,,
manuel veloz,,
marc church,,
marc davis,,
marcel renteria,,
marcelo martinez,,
marcelo perez,,
marcelo valladares,,
marco corcho,,
marco gonzales,,
marco jimenez,,
marco patino,,
marco raya,,
marco vega,,
marcos diplan,,
marcos fortunato,,
marcos herrera,,
marcos pimentel,,
marcos tineo,,
marcus johnson,,
marcus olivarez,,
marcus reyes,,
marcus walden,,
mariano salomon,,
marino santy,,
mario sanchez,,
mark adamiak,,
mark appel,,
mark manfredi,,
mark mclaughlin,,
mark melancon,,
mark simon,,
mark washington,,
markus solbach,,
marlin willis,,
marlon de la cruz,,
marlon franco,,
marlon nieves,,
marlon perez,martin perez,
marques johnson,,
marquis grissom jr,,
marshall hunt,,
marshall kasowski,,
martin herrera,,
martin santana,,
marwys cabrera,,
masahiro tanaka,,
mason adams,jason adam,
mason albright,,
mason barnett,,
mason black,,
mason denaburg,,
mason erla,,
mason fluharty,,
mason fox,,
mason green,,
mason hickman,,
mason mcgwire,,
mason miller,,
mason montgomery,,
mason pelio,,
mason ronan,,
mason thompson,ryan thompson,
mason vinyard,,
mat olsen,,
mathew peters,,
matt andriese,,
matt barnes,,
matt brash,,
matt brill,,
matt brosky,,
matt bush,,
matt canterino,,
matt carasiti,,
matt cronin,,
matt dennis,,
matt dermody,,
matt duffy,,
matt eckelman,,
matt festa,,
matt foster,,
matt frisbee,,
matt gabbert,,
matt gage,,
matt givin,,
matt hardy,,
matt harvey,,
matt hickey,,
matt jachec,,
matt keating,,
matt koch,,
matt krook,,
matt manning,,
matt merrill,,
matt mikulski,,
matt milburn,,
matt minnick,,
matt moore,,
matt mullenbach,,
matt osterberg,,
matt peacock,,
matt pidich,,
matt pushard,,
matt ruppenthal,,
matt russell,,
matt sauer,,
matt seelinger,,
matt shoemaker,,
matt sparling,,
matt stil,,
matt svanson,,
matt swarmer,,
matt tabor,,
matt turner,,
matt vogel,,
matt waldron,,
matt walker,,
matt wilkinson,,
matt willrodt,,
matt wisler,,
matt wyatt,,
matthew bollenbacher,,
matthew kent,,
matthew linskey,,
matthew mcmillan,,
matthew peguero,,
matthew swain,,
matthew thompson,,
mauricio colmenares,,
mauricio estrella,,
mauricio llovera,,
mauricio maican,,
mauricio veliz,,
mavis graves,,
max alba,,
max bain,,
max carlson,,
max castillo,,
max gieg,,
max kuhns,,
max lazar,,
max rajcic,,
max roberts,,
maximo gonzalez,,
maximo martinez,,
maxwel hernandez,,
maycold leon,,
mccade brown,,
mckinley moore,,
md johnson,,
melkis hernandez,,
melvi acosta,,
melvin adon,,
melvin hernandez,,
melvin javier,,
melvin pineda,,
melvin rodriguez,elvin rodriguez,
melvyn amador,,
merlin bido,,
merrick baldo,,
mervin fell,,
micah dallas,,
micah ottenbreit,,
michael arias,,
michael baird,,
michael bienlien,,
michael boyle,,
michael brettell,,
michael brewer,,
michael byrne,,
michael costanzo,,
michael cuevas,,
michael danielak,,
michael darrell-hicks,,
michael dominguez,,
michael feliz,,
michael flynn,,
michael forret,,
michael fulmer,,
michael giacone,,
michael gomez,,
michael grove,,
michael hobbs,,
michael horrell,,
michael kelly,,
michael kennedy,,
michael kirian,michael king,
michael knorr,michael king,
michael kopech,,
michael krauza,,
michael limoncelli,,
michael mariot,,
michael martinez,,
michael mcavene,,
michael mcgreevy,,
michael mercado,,
michael morales,,
michael peres,,
michael petersen,,
michael pineda,,
michael plassmeyer,,
michael prosecky,,
michael rucker,,
michael sansone,,
michael saturria,,
michael stryffeler,,
michael tonkin,michael king,
michael valera,,
michael valverde,,
michael vilchez,,
michael walsh,michael wacha,
michael yasenka,,
michel baez,,
michel otanez,,
michele vassalotti,,
michell chirinos,,
michell miliano,,
mick abel,,
miguel aguilar,,
miguel alfonseca,,
miguel castro,,
miguel cienfuegos,,
miguel cordero,,
miguel cordones,,
miguel cruz,,
miguel del pozo,,
miguel diaz,,
miguel flores,,
miguel fulgencio,,
miguel gil,,
miguel gomez,,
miguel guerrero,,
miguel hernandez,,
miguel martinez,,
miguel medrano,,
miguel mendez,,
miguel mesa,,
miguel mora,,
miguel olivares,,
miguel padilla,,
miguel pena,,
miguel pozo,,
miguel rodriguez,manuel rodriguez,
miguel rondon,,
miguel sanchez,,
miguel segura,,
miguel suero,,
miguel toscano,,
miguel ullola,,
miguel valdez,,
miguel vinicio,,
miguel yajure,,
miguelangel boadas,,
mike adams,,
mike baumann,,
mike burrows,,
mike ellenbest,,
mike foltynewicz,,
mike mayers,,
mike minor,,
mike mokma,,
mike montgomery,,
mike morin,,
mike paredes,,
mike ruff,,
mike wright jr,,
mikell manzano,,
mikey tepper,,
miller hogan,,
misael lopez,,
misael tamarez,,
mitch bratt,,
mitch farris,,
mitch miller,mitch keller,
mitch myers,,
mitch neunborn,,
mitch ragan,,
mitch white,,
mitchell kilkenny,,
mitchell stumpo,,
mitchell tyranski,,
moises amezquita,,
moises brito,,
moises chace,,
moises diaz,,
moises lira,,
moises lugo,,
moises meza,,
moises palma,,
moises rodriguez,,
montana semmel,,
morgan mcsweeney,,
morris austin,,
mychal givens,,
myles gayman,,
nabil crismatt,,
naoyuki uwasawa,,
nash walters,,
naswell paulino,,
natanael garabitos,,
natanael polanco,,
nate dahle,,
nate fisher,,
nate garkow,,
nate griep,,
nate jones,,
nate lavender,,
nate peterson,nate pearson,
nate savino,,
nate tellier,,
nathan burns,,
nathan karaffa,,
nathan kirby,,
nathan landry,,
nathan webb,,
nathan wiles,,
nathan witt,,
nathanael cruz,,
nathanael heredia,,
nathanael perez gonzalez,,
nathanael perez lopez,,
nazier mule,,
neiver acosta,,
nelfri contreras,luis contreras,
nelfri payano,,
nelfy ynfante,,
nelson l alvarez,,
nelvin correa,,
nelvis ochoa,,
neraldo catalina,,
nestor cortes,nestor cortes jr,
nestor german,,
nestor lorant,,
nic enright,,
nic swanson,,
nicholas padilla,,
nicholas regalado,,
nick allgeyer,,
nick altermatt,,
nick anderson,ian anderson,
nick avila,,
nick bautista iii,,
nick bennett,,
nick bitsko,,
nick burdi,,
nick bush,,
nick davila,,
nick dean,,
nick dombkowski,,
nick duron,,
nick ernst,,
nick frasso,,
nick fraze,,
nick gallagher,,
nick garcia,,
nick hernandez,,
nick highberger,,
nick howard,,
nick hull,,
nick jones,,
nick kennedy,,
nick krauth,,
nick kuzia,,
nick lockhart,,
nick margevicius,,
nick mears,,
nick merkel,,
nick mikolajchak,,
nick mondak,,
nick morreale,,
nick nastrini,,
nick neidert,,
nick nelson,,
nick paciorek,,
nick payero,,
nick pogue,,
nick ramirez,,
nick raquet,,
nick richmond,,
nick robertson,,
nick roth,,
nick sando,nick sandlin,
nick sinacola,,
nick snyder,,
nick starr,,
nick swiney,,
nick thwaits,,
nick trogrlic-iverson,,
nick tropeano,,
nick vespi,,
nick vincent,,
nick wittgren,,
nick zwack,,
nico zeglin,,
nicolas carreno,,
nicolas cruz,,
nicolas de la cruz,,
nicolo pinazzi,,
nigel belgrave,,
niklas rimmel,,
nivaldo rodriguez,,
nixon encarnacion,,
nixon parra,,
noah bremer,,
noah cameron,,
noah davis,,
noah dean,,
noah denoyer,,
noah gotsis,,
noah owen,,
noah ruen,,
noah schultz,,
noah skirrow,,
noah song,,
noah syndergaard,,
noah takacs,,
noah zavolas,,
noble meyer,,
noe ramirez,,
noe toribio,,
noel vela,,
noelin cuevas,,
nolan blackwood,,
nolan clenney,,
nolan devos,,
nolan hoffman,,
nolan kingham,,
nolan martinez,,
nolan mclean,,
nolan perry,,
nolan santos,,
nolan watson,,
nolberto henriquez,,
nomar medina,,
nomar rojas,,
norbis diaz,,
norge ruiz,,
norge vera,,
norwith gudino,,
nyan hernandez,ryan fernandez,
ocean gabonia,,
odalvi javier,,
odarlin cruz,,
oddanier mosqueda,,
odrisamer despaigne,,
ofelky peralta,,
ofreidy gomez,,
oliver camilo,,
oliver eusebio,,
oliver garcia,,
oliver mateo,,
oliver ortega,,
olmandi diaz,,
omar cruz,,
omar gonzalez,,
omar munoz,,
omar victorino,,
omar yanez,,
onias jimenez,,
oriel castro,,
orlando barrios,,
orlando gil,,
orlando gonzalez,,
orlando ortiz-mayr,,
orlando rodriguez,randy rodriguez,
orlando suarez,,
osbriel mogollon,,
oscar moreta,,
oscar paredes,,
oscar rayo,,
oscar rojas,,
oscar romero,,
osiel rodriguez,yariel rodriguez,
osiris german,,
osiris santana,,
osvaldo berrios,osvaldo bido,
osvaldo de la rosa,,
osvaldo hernandez,,
oswald medina,,
oswaldo aponte,,
over galue,,
ovis portes,,
owen holt,,
owen kellington,,
owen murphy,,
owen sharts,,
owen white,,
owen wild,,
pablo aldonis,,
pablo garabitos,,
pablo mujica,,
packy naughton,,
palmer wenzel,,
paolo espino,,
parker bugg,,
parker caracci,,
parker dunshee,,
parker harm,,
parker markel,,
parker messick,,
parker mushinski,,
pat gallagher,,
patricio aquino,,
patricio ress,,
patrick copen,,
patrick corbin,,
patrick halligan,,
patrick maybach,,
patrick monteverde,,
patrick murphy,,
patrick pridgen,,
patrick reilly,,
patrick ruotolo,,
patrick sandoval,,
patrick smith,,
patrick weigel,,
patrick wicklander,,
paul blackburn,,
paul bonzagni,,
paul campbell,,
paul chacon,,
paul fry,,
paul gervase,,
paul wilson,,
paulshawn pasqualotto,,
paxton schultz,,
paxton thompson,,
payton martin,,
pedro alfonseca,,
pedro almanzar,,
pedro avila,,
pedro da costa lemos,,
pedro fernandez,,
pedro figueroa,,
pedro garcia,,
pedro gonzalez,,
pedro marquez,,
pedro payano,,
pedro peralta,,
pedro reyes,,
pedro rodriguez,eduardo rodriguez,
pedro santillan,,
pedro santos,,
pedro tucent,,
peniel otano,,
pete fairbanks,,
pete hansen,,
peter bonilla,,
peter heubeck,,
peter lambert,,
peter solomon,,
peter strzelecki,,
peter van loon,,
peyton alford,,
peyton battenfield,,
peyton glavine,,
peyton pallette,,
peyton plumlee,,
peyton remy,,
peyton stumbo,,
peyton williams,,
phil bickford,,
phil maton,phil maton iii,
philip abner,,
phillip diehl,,
phillips valdez,,
phoenix sanders,,
pierce banks,,
pierson ohl,,
pitterson rosa,,
pj poulin,,
po-yu chen,,
prelander berroa,,
preston johnson,,
preston price,,
quinn gudaitis,,
quinn mathews,,
quinn priester,,
quinton low,,
quinton martinez,,
rael santos,,
rafael dolis,,
rafael gonzalez,,
rafael marcano,,
rafael mendez,,
rafael montero,,
rafael ohashi,,
rafael sanchez,,
rafael suero,,
rafelin nivar,,
raffi vizcaino,,
raidel martinez,,
railin perez,,
raimon gomez,,
raimy rodriguez,randy rodriguez,
rainiery rodriguez,randy rodriguez,
raisel iglesias,,
ralph garza jr,,
ramon cuevas,,
ramon henriquez,ronny henriquez,
ramon perez,,
ramon sanchez,,
rancel duarte,,
randel clemente,,
randry de leon,,
randy berigete,,
randy labaut,,
randy lara,,
randy wynne,,
ranger suarez,,
ranwell smith,,
raudy gomez,,
raudy rivera,,
raul alcantara,,
raul brito,,
raul rangel,,
ray gaither,,
ray kerr,,
raymon rosario,,
raymond burgos,,
raynel espinal,,
rayner castillo,,
rayner urbaez,,
rayven antonio,,
reagan todd,,
redinson gomez,,
reese sharp,,
reggie crawford,,
reggie lawson,,
reggie mcclain,,
regi grace,,
reibyn corona,,
reid birlingmair,,
reid detmers,,
reid johnston,,
reid morgan,eli morgan,
reid schaller,,
reid vanscoter,,
reidis sena,,
reilin ramirez,,
reimy beltre,,
reinaldo de paula,,
reinier parra,,
reiss knehr,,
reiver camacho,,
reiver sanmartin,,
renaldito florian,,
renil ramos,,
reny artiles,,
reudis diaz,,
rex brothers,,
reyes moronta,,
reymin guduan,,
reynaldo yean,,
reynardo cruz,,
reyson santos,,
rhett kouba,,
rhett lowder,,
ricardito lorenzo,,
ricardo brizuela,,
ricardo estrada,,
ricardo gomez,,
ricardo montero,,
ricardo pinto,,
ricardo quintana,,
ricardo sanchez,,
ricardo velez,,
ricardo yan,,
rich hill,,
richard bleier,,
richard fernandez,,
richard gallardo,,
richard guasch,,
richard rodriguez,randy rodriguez,
richy valdez,,
rickey ramirez,,
ricky castro,,
ricky devito,,
ricky karcher,,
ricky salinas,,
ricky tiedemann,,
ricky vanasco,,
rico garcia,,
riggs threadgill,,
riley bauman,,
riley cooper,,
riley cornelio,,
riley davis,,
riley frey,,
riley gowens,,
riley martin,,
riley o'brien,,
riley pint,,
riley smith,,
riley thompson,ryan thompson,
rio britton,,
rio gomez,,
riskiel tineo,,
rito lugo,,
river ryan,,
rj alaniz,,
rj alvarez,,
rj dabovich,,
rj freure,,
rj petit,,
roansy contreras,,
rob griswold,,
rob hensey,,
rob kaminsky,,
rob zastryzny,,
robbie baker,,
robbie erlin,,
robbie hitt,,
robbie peto,,
robby ahlstrom,,
robby snelling,,
robert broom,,
robert colina,,
robert cruz,,
robert dugger,,
robert gasser,,
robert gsellman,,
robert kwiatkowski,,
robert stephenson,,
robert stock,,
robert wegielnik,,
roberto medina,,
robin vazquez,,
robinson hernandez,,
robinson martinez,,
robinson pina,,
rodarni salvador,,
roddery munoz,,
rodney boone,,
rodney hutchison,,
rodney theophile,,
rodolfo de la cruz,,
rodolfo garrido,,
rodolfo sanchez,,
rodolfo toledano,,
roel garcia iii,,
roel ramirez,,
roelmy garcia,,
roenis elias,,
roger jorge,,
roger rodriguez,,
roiber talavera,,
rolando casihis,,
rolando gutierrez,,
rolddy munoz,,
rolfi jimenez,,
roman angelo,,
roman camacho,,
roman perez,,
roman phansalkar,,
ron marinaccio,,
ronal herrera,,
ronald bolanos,,
ronald herrera,,
ronald medrano,,
ronaldo alesandro,,
ronan kopp,,
ronnie williams,,
ronny chalas,,
ronny garcia,,
ronny lopez,,
ronny oliver,,
ronny robles,,
rony cruz,,
rony garcia,,
roque gutierrez,,
rorik maltrud,,
ross carver,,
ross detwiler,,
ross dunn,,
ross stripling,,
rowan wick,,
roy garcia,,
royber salinas,,
royman blanco,ronel blanco,
ruben castillo,,
ruben de la cruz,,
ruben galindo,,
ruben ramirez,,
rubender pena,,
rudit pina,,
runelvis toribio,,
russell smith,,
ruver flores,,
ryan ammons,,
ryan anderson,grant anderson,
ryan bergert,,
ryan birchard,,
ryan bourassa,,
ryan boyer,,
ryan brady,,
ryan brasier,,
ryan brown,,
ryan buchter,,
ryan burr,,
ryan cardona,,
ryan carpenter,,
ryan castellani,,
ryan chasse,,
ryan conroy,,
ryan costeiu,,
ryan cusick,,
ryan garcia,,
ryan harbin,,
ryan hartman,,
ryan harvey,,
ryan hawks,,
ryan hendrix,,
ryan hennen,,
ryan jennings,,
ryan jensen,,
ryan langford,,
ryan lillie,,
ryan lobus,,
ryan long,,
ryan loutos,,
ryan meisinger,,
ryan middendorf,,
ryan miller,,
ryan murphy,,
ryan nutof,ryan gusto,
ryan och,,
ryan olson,ryan johnson,
ryan ramsey,,
ryan rolison,,
ryan sherriff,,
ryan shreve,,
ryan smith,,
ryan sublette,,
ryan tepera,,
ryan vanderhei,,
ryan watson,,
ryan weathers,,
ryan webb,,
ryan weber,,
ryan weiss,,
ryan zeferjahn,,
ryder ryan,,
rylan kaufman,,
ryley widell,,
ryne harper,,
ryne moore,,
ryne stanek,,
sabier marte,,
sadiel baro,,
sadrac franco,,
sal romano,,
sam aldegheri,,
sam armstrong,shawn armstrong,
sam bachman,,
sam benschoter,,
sam carlson,,
sam clay,,
sam coonrod,,
sam delaplane,,
sam freeman,,
sam gardner,,
sam gaviglio,,
sam hentges,,
sam howard,,
sam jacobsak,,
sam keating,,
sam knowlton,,
sam mcwilliams,,
sam moll,,
sam ryan,,
sam selman,,
sam thoresen,,
sam weatherly,,
sam whiting,,
samir chires,,
sammy peralta,,
sammy tavarez,,
samuel colmenares,,
samuel fabian,,
samuel mejia,,
samuel perez,,
samuel reyes,,
samuel sanchez,,
samuel strickland,,
samuel valerio,,
samuel vasquez,,
samy natera jr,,
sandi charle,,
sandro bargallo,,
sandro santana,,
sandy gaston,,
sandy mejia,,
sandy ozuna,,
sann omosako,,
santiago florez,,
santiago peraza,,
santiago quintero,,
santiago ramirez,,
santiago rojas,,
santiago sojo,,
santiago suarez,,
saul garcia,,
saul gonzalez,,
saul sanchez,,
saul siri,,
saul teran,,
sawyer gipson-long,,
scarlyn lebron,,
scott alexander,,
scott blewett,,
scott boches,,
scott effross,,
scott engler,,
scott kazmir,,
scott kobos,,
scott mcgough,,
scott randall,,
sean boyle,,
sean doolittle,,
sean guenther,,
sean harney,,
sean hermann,,
sean hjelle,,
sean hunley,,
sean kealey,,
sean linan,,
sean manaea,,
sean mclaughlin,,
sean mellen,,
sean mooney,,
sean mullen,,
sean nolin,,
sean poppen,,
sean rackoski,,
sean reid-foley,,
sean reynolds,,
sean sullivan,,
sean wymer,,
sebastian estiven,,
sebastian javier,,
sebastian keane,,
sem robberse,,
serafino brito,,
sergio caruci,,
sergio morillo,,
sergio romo,,
sergio sanchez,,
sergio umana,,
seth blair,,
seth chavez,,
seth clark,,
seth corry,,
seth elledge,,
seth frankoff,,
seth halvorsen,,
seth johnson,,
seth keener,,
seth keller,,
seth lonsway,,
seth martinez,,
seth mayberry,,
seth nightingale,,
seth nordlin,,
seth shuman,,
seunghwan oh,,
shaddon peavyhouse,,
shane bieber,,
shane connolly,,
shane davis,,
shane drohan,,
shane gray,,
shane greene,hunter greene,
shane gustafson,,
shane marshall,,
shane mccarthy,,
shane mcclanahan,,
shane murphy,,
shane panzini,,
shane rademacher,,
shane telfer,,
shaun anderson,ian anderson,
shawn dubin,,
shawn morimando,,
shawn rapp,,
shawn semple,,
shawndrick oduber,,
shay schanaman,,
shea barry,,
shea spitzbarth,,
shelby lackey,,
sheldon reed,,
shelton perkins,,
shintaro fujinami,,
shohei ohtani,,
shohei tomioka,,
shun yamaguchi,,
silvano hechavarria,,
silvino bracho,,
simon leandro,,
simon miller,,
simon pacheco,,
sixto sanchez,,
skylar arias,,
skylar hales,,
skylar szynski,,
slade cecconi,,
smil guzman,,
snarlyn evangelista,,
soenni martinez,,
solomon bates,,
spencer bengard,,
spencer giesting,,
spencer howard,,
spencer mraz,,
spencer patton,,
spencer stockton,,
spencer strider,,
spencer turnbull,,
spenser watkins,,
stanly alcantara,sandy alcantara,
starlin savinon,,
starlyn castillo,,
starlyn pichardo,,
stefan crichton,,
stefan raeth,,
stephen gonsalves,,
stephen jones,,
stephen kolek,,
stephen nogosek,,
stephen ridings,,
stephen strasburg,,
stephen woods jr,,
sterling patick,,
sterling sharp,,
steve cishek,,
steve hajjar,,
steven brault,,
steven cruz,,
steven echavarria,,
steven fuentes,,
steven fulgencio,,
steven jennings,,
steven klimek,,
steven moyers,,
steven okert,,
steven perez,,
steven sanchez,,
steven wilson,,
steven zobac,,
stevie branche,,
stevie emanuels,,
stharlin torres,,
stijn van der schaaf,,
stiven cruz,,
stiward aquino,,
stu flesland iii,,
sulivan ribeiro,,
sunayro martina,,
tahnaj thomas,,
tai tiedemann,,
taijuan walker,,
tanner andrews,,
tanner banks,,
tanner burns,,
tanner cooper,,
tanner dodson,,
tanner gordon,,
tanner hall,,
tanner jacobson,,
tanner kiest,,
tanner kohlhepp,,
tanner mcdougal,,
tanner myatt,,
tanner propst,,
tanner rainey,,
tanner shears,,
tanner tully,,
tate kuehner,,
taylor broadway,,
taylor clarke,,
taylor cole,,
taylor dollard,,
taylor floyd,,
taylor hearn,,
taylor lehman,,
taylor rashi,,
taylor rogers,tyler rogers,
taylor widener,,
taylor williams,trevor williams,
tayron guerrero,,
ted stuka,,
teddy stankiewicz,,
tejay antone,,
tekoah roby,,
teofilo mendez,,
thaddeus ward,,
theo denlinger,,
theo mcdowell,,
thomas balboni jr,,
thomas bruss,,
thomas burrows,,
thomas eshelman,,
thomas farr,,
thomas girard,,
thomas harrington,thomas harrington iii,
thomas hatch,,
thomas ireland,,
thomas jankins,,
thomas pannone,,
thomas ponticelli,,
thomas ruwe,,
thomas schultz,,
thomas szapucki,,
thomas white,,
thyago vieira,,
tim adleman,,
tim brennan,,
tim cate,,
tim elliott,,
tim herrin,,
tim holdgrafer,,
tim naughton,,
timmy manning,,
tink hence,,
tj brock,,
tj czyz,,
tj fondtain,,
tj nichols,,
tj shook,,
tj sikkema,,
tj zeuch,,
tobias myers,,
todd peterson,david peterson,
tom cosgrove,,
tom reisinger,,
tomas cleto,,
tomas reyes,,
tommy doyle,,
tommy eveld,,
tommy henry,,
tommy hunter,,
tommy kahnle,,
tommy kane,,
tommy mace,,
tommy mccollum,,
tommy milone,,
tommy nance,,
tommy parsons,,
tommy romero,,
tommy sommer,,
tommy vail,,
tommy ventimiglia,,
tomy sanchez,,
tony dibrell,,
tony gonsolin,,
tony locey,,
tony watson,,
touki toussaint,,
trace bright,,
travis adams,,
travis bergen,,
travis kuhn,,
travis lakins sr,,
travis macgregor,,
travis perry,,
travis sthele,,
travis sykora,,
trayson kubo,,
trennor o'donnell,,
trent baker,,
trent fennell,,
trent harris,,
trent palmer,,
trent sellers,,
trenton denholm,,
trenton toplikar,,
trenton wallace,,
trevin michael,,
trevor bauer,,
trevor bettencourt,,
trevor brigden,,
trevor cahill,,
trevor clifton,,
trevor gott,,
trevor harrison,,
trevor hildenberger,,
trevor holloway,,
trevor kelley,,
trevor lane,,
trevor martin,,
trevor may,,
trevor mcdonald,,
trevor megill,tylor megill,
trevor richards,,
trevor rogers,tyler rogers,
trevor stephan,,
trevor tietz,,
trey benton,,
trey braithwaite,,
trey cobb,,
trey cumbie,,
trey dillard,,
trey dombroski,,
trey gibson,,
trey jeans,,
trey mcgough,,
trey mcloughlin,,
trey riley,,
trey supak,,
trey wingenter,,
tristan beck,,
tristan garnett,,
tristan stevens,,
tristan stivors,,
triston mckenzie,,
triston polley,,
troy bacon,,
troy melton,,
troy miller,,
troy stainbrook,,
troy taylor,,
troy watson,,
trystan vrieling,,
tsuyoshi wada,,
tucker davidson,,
ty adcock,,
ty blach,,
ty buttrey,,
ty cummings,,
ty damron,,
ty johnson,ryan johnson,
ty langenberg,,
ty madden,,
ty madrigal,,
ty tice,,
ty weatherly,,
ty weber,,
tyler ahearn,,
tyler baum,,
tyler beck,,
tyler beede,,
tyler bradt,,
tyler brown,,
tyler bryant,,
tyler burch,,
tyler chatwood,,
tyler cleveland,,
tyler clippard,,
tyler cyr,,
tyler danish,,
tyler davis,,
tyler driver,,
tyler duffey,,
tyler eckberg,,
tyler gilbert,,
tyler gillies,tyler phillips,
tyler gough,,
tyler guilfoil,,
tyler herb,,
tyler higgins,,
tyler hoffman,,
tyler holton,,
tyler ivey,tyler kinley,
tyler jay,,
tyler kennedy,tyler kinley,
tyler mattison,,
tyler matzek,,
tyler mckay,,
tyler mitzel,,
tyler morgan,,
tyler myrick,,
tyler owens,,
tyler palm,,
tyler pike,,
tyler ras,,
tyler samaniego,,
tyler santana,,
tyler schimpf,,
tyler schlaffer,,
tyler schoff,,
tyler schweitzer,,
tyler stuart,,
tyler thomas,,
tyler thornburg,,
tyler thornton,,
tyler uberstine,,
tyler viza,,
tyler vogel,,
tyler webb,,
tyler wehrle,,
tyler wells,,
tyler woessner,,
tyler yankosky,,
tyler zuber,,
tyree thompson,,
tyrone yulie,,
tyson guerrero,,
tyson messer,,
tyson miller,,
tzu-chen sha,,
ubaldo soto,,
ubert mejias,,
ulices campos,,
valentin linarez,,
victor arano,,
victor basora,,
victor brea,,
victor cabreja,,
victor castaneda,,
victor espiritu,,
victor fransua,,
victor garcia,,
victor gonzalez,,
victor juarez,,
victor lizarraga,,
victor lopez,,
victor mederos,,
victor munoz,,
victor pena,,
victor santos,,
victor simeon,,
victor soteldo,,
victor vargas,,
victor villanueva,,
victor vodnik,,
vin timpanelli,,
vince reilly,,
vince sanchez,,
vince vannelle,,
vince velasquez,,
vinny nittoli,,
vitico valdez,,
vladimir gutierrez,,
wade davis,,
wade leblanc,,
wade miley,,
wagner castillo,,
walbert urena,,
wali pierre,,
walin castillo,luis castillo,
walker brockhouse,,
walker powell,,
walter ford,,
walter pennington,,
walvin mena,,
wande torres,,
wander arias,,
wander guante,,
wander severino,,
wander suero,,
wander ventura,,
wandi montout,,
wandisson charles,,
wandy abreu,,
wanmer ramirez,,
wardquelin vasquez,,
waylin santana,,
wei-chieh huang,,
welington quintero,,
welinton herrera,,
wellington aracena,,
wellington diaz,,
wellington guzman,,
wen-hui pan,,
wenderlyn king,,
wermer pineda,,
wes benjamin,,
wes parsons,,
wes robertson,,
weskendry espinoza,,
wesley moore,,
wesley scott,,
whilmer guerra,,
wifrailyn jaquez,,
wikelman gonzalez,,
wil crowe,,
wil jensen,,
wilber dotel,,
wilber perez,,
wilfred alvarado,,
wilfredo cordero,,
wilfredo pereira,,
wilgenis alvarado,,
wilian bormie,,
wilkel hernandez,,
wilkelma castillo,,
wilker reyes,,
wilkerman munoz,,
wilkin paredes,,
wilkin ramos,,
wilking rodriguez,elvin rodriguez,
will bednar,,
will carter,,
will childers,,
will christophersen,,
will dion,,
will ethridge,,
will gaddis,,
will geerdes,,
will johnston,,
will klein,,
will kobos,,
will mabrey,,
will mcaffer,,
will rudy,,
will sanders,,
will schomberg,,
will smith,,
will stevens,,
will stewart,,
will varmette,,
will vest,,
william cuevas,,
william fleming,,
william kempner,,
william silva,,
william woods,,
willian campos,,
willian colmenares,,
willian suarez,,
williander moreno,,
willy taveras,,
wilme mora,,
wilmer blanco,,
wilmer flores,,
wilmer lugo,,
wilmer ortega,,
wilmer ramirez,,
wilmis paulino,,
wilmy sanchez,,
wilny moron,,
wilson betemit jr,,
wilson esterlin,,
wilson lopez,,
wilton castillo,,
wilton rondon,,
wily peralta,wandy peralta,
winston santos,,
winyer chourio,,
wladimir pinto,,
woo-suk go,,
wuardo fernandez,,
wuilberth mendez,,
wuilliams rodriguez,,
wuillians herrera,,
wyatt cheney,,
wyatt crowell,,
wyatt hudepohl,,
wyatt mills,,
wyatt olds,,
wyatt short,,
wyatt sparks,,
wyatt wendell,,
xander hamilton,,
xavier meachem,,
xavier moore,,
xavier ruiz,,
xiomer guacache,,
yacksel rios,,
yadiel batista,,
yadier alvarez,,
yafrerlyn vasquez,,
yaifer perdomo,,
yamil castillo,,
yanlun zhang,,
yannelbinson lugo,,
yanquiel sanchez,,
yansel marine,,
yanzel correa,,
yaqui rivera,,
yaya chentouf,,
yeferson silva,,
yeferson vargas,,
yefri carrillo,,
yefri del rosario,,
yefry ramirez,,
yehizon sanchez,,
yeiber cartaya,,
yeimison arias,,
yeizo campos,,
yency almonte,,
yency de jesus,,
yendy gomez,yoendrys gomez,
yenfri sosa,,
yennier cano,,
yennsy diaz,,
yenrri rojas,,
yensy bello,,
yeremin lara,,
yereny teus,,
yeri perez,,
yeriel santos,,
yerlin rodriguez,elvin rodriguez,
yermain ruiz,,
yerry de los santos,enyel de los santos,
yerry landinez,,
yerry rodriguez,randy rodriguez,
yeuris jimenez,,
yeury gervacio,,
yeury tatiz,,
yhoiker fajardo,,
yilber diaz,,
yimi presinal,,
yoan aybar,,
yoan lopez,,
yoan valdez,,
yoelvin chirino,,
yoelvin silven,,
yoerys hernandez,,
yohan ramirez,,
yohanse morel,,
yohemy nolasco,,
yoilan quinonez,,
yokelvin reyes,,
yoldin de la paz,,
yoljeldriz diaz,,
yomil maysonet,,
yon castro,,
yon landaeta,,
yonael dominguez,,
yonaiker garcia,,
yonatan pineda,,
yondrei rojas,,
yonfi rodriguez,,
yoniel curet,,
yoniel ramirez,,
yonny chirinos,,
yoralbert cadiz,,
yordan nodal,,
yordanny monegro,,
yordin chalas,,
yordy herrera,,
yorlin calderon,,
yorman galindez,,
yorman gomez,,
yorvi pirela,,
yoryi jimenez,,
yoryi simarra,,
yosber sanchez,,
yoscar pimentel,,
yoshihisa hirano,,
yosver zulueta,,
yovannki pascual,,
yovanny cabrera,,
yovanny cruz,,
yu darvish,,
yu-min lin,,
yujanyer herrera,,
yuliangel de la cruz,,
yunior marte,,
yunior thibo,,
yunior tur,,
yusmeiro petit,,
yusniel padron-artiles,,
zac addkison,,
zac houston,,
zac kristofak,,
zac leigh,,
zac lowther,,
zac rosscup,,
zach agnos,,
zach barnes,,
zach bryant,,
zach brzykcy,,
zach cable,,
zach davies,,
zach fogell,,
zach franklin,,
zach fruit,,
zach greene,,
zach haake,,
zach hart,,
zach jackson,,
zach jacobs,,
zach king,,
zach lee,,
zach linginfelter,,
zach logue,,
zach matson,,
zach maxwell,,
zach mcallister,,
zach mccambley,,
zach messinger,,
zach mort,,
zach muckenhirn,,
zach neal,,
zach peek,,
zach penrod,,
zach pettway,,
zach plesac,,
zach pop,,
zach thompson,,
zach thornton,,
zach veen,,
zach vennaro,,
zach warren,,
zach willeman,,
zack austin,,
zack britton,,
zack brown,,
zack burdi,,
zack erwin,,
zack godley,,
zack greinke,,
zack hess,,
zack kelly,,
zack leban,,
zack lee,,
zack matthews,,
zack phillips,,
zack plunkett,,
zack qin,,
zack showalter,,
zack thompson,,
zack trageton,,
zack weiss,,
zak kent,,
zander mueth,,
zane barnhart,,
zane mills,,
zane morehouse,,
zane russell,,
zebby matthews,,
zhiorman imbriano,,
