Name,Estimated_HR_FB
paul skenes,0.05
zack wheeler,0.12
tarik skubal,0.1541
garrett crochet,0.0792
chris sale,0.0602
logan webb,0.1084
cole ragans,0.05
logan gilbert,0.1108
jacob degrom,0.05
dylan cease,0.1377
max fried,0.0571
yoshinobu yamamoto,0.1415
spencer strider,
hunter greene,0.0552
sonny gray,0.2
framber valdez,0.1227
nathan eovaldi,0.1486
tyler glasnow,0.1252
hunter brown,0.1538
pablo lopez,0.1628
spencer schwellenbach,0.05
mackenzie gore,0.2
freddy peralta,0.1201
joe ryan,0.1737
corbin burnes,0.2
sandy alcantara,0.05
cristopher sanchez,0.1347
nick pivetta,0.1349
kevin gausman,0.2
aaron nola,0.2
chris bassitt,0.151
george kirby,
kodai senga,0.1393
michael king,0.1481
roki sasaki,0.05
jesus luzardo,0.1818
jack flaherty,0.1614
shane mcclanahan,
carlos rodon,0.1548
brady singer,0.0905
shota imanaga,0.0555
yusei kikuchi,0.2
luis castillo,0.1574
clay holmes,0.0871
seth lugo,0.2
mitch keller,0.0967
zac gallen,0.2
nick lodolo,0.0647
eduardo rodriguez,0.2
brandon woodruff,
jose soriano,0.05
taj bradley,0.1394
zach eflin,0.1499
tanner houck,0.199
ranger suarez,
max meyer,0.1243
kyle freeland,0.1155
michael wacha,0.05
german marquez,0.0995
brayan bello,
drew rasmussen,0.05
kris bubic,0.05
ryan feltner,0.2
bailey ober,0.2
shohei ohtani,
blake snell,0.133
matthew boyd,0.0946
andrew heaney,0.119
jeffrey springs,0.1434
tanner bibee,0.05
reese olson,0.1754
gavin williams,0.05
justin steele,0.1952
bryce miller,0.13
grayson rodriguez,
brandon pfaadt,0.2
miles mikolas,0.0883
jose berrios,0.2
tylor megill,0.1449
nick martinez,0.1288
shane baz,0.121
casey mize,0.05
landen roupp,0.05
ronel blanco,0.0779
bryan woo,0.153
justin verlander,0.1393
mitchell parker,0.1633
tyler mahle,0.2
clarke schmidt,
zebby matthews,
ben brown,0.142
ryan pepiot,0.1117
jose quintana,
mason miller,
yu darvish,
steven matz,0.0672
kumar rocker,0.2
alex cobb,
david peterson,0.2
reid detmers,
erick fedde,0.0886
edward cabrera,
shane bieber,
robbie ray,0.2
walker buehler,0.1433
max scherzer,0.2
sean manaea,
matthew liberatore,0.1123
antonio senzatela,0.2
martin perez,0.075
bowden francis,0.2
jack leiter,0.061
lucas giolito,
jake irvin,0.2
andre pallante,0.1522
luis severino,0.1914
charlie morton,0.2
dustin may,0.1261
kutter crawford,
kyle gibson,
clayton kershaw,
josh hader,0.05
jameson taillon,0.2
matt strahm,0.05
michael lorenzen,0.1809
davis martin,0.1698
eury perez,
lance mccullers,
david festa,
frankie montas,
jp sears,0.2
tobias myers,
felix bautista,0.2
jt ginn,
jeff hoffman,0.0506
trevor williams,0.094
aj smith-shawver,0.1729
jon gray,
kyle hendricks,0.2
jhoan duran,
merrill kelly,0.2
jared jones,
jose alvarado,0.1085
osvaldo bido,0.1744
hayden wesneski,0.1517
ryne nelson,0.1304
kyle wright,
ryan helsley,0.05
simeon woods richardson,0.2
will warren,0.1638
cade povich,0.1646
kyle harrison,
jordan hicks,0.05
kirby yates,0.05
trevor megill,
ryan weathers,
andres munoz,0.05
shane smith,0.1412
cade smith,0.05
chris martin,0.1456
joey cantillo,0.0501
dean kremer,0.1459
justin martinez,0.05
aroldis chapman,
alec marsh,
fernando cruz,0.05
bailey falter,0.1479
aj minter,
luis gil,
lucas erceg,
grant holmes,0.2
jeremiah estrada,0.05
jason adam,0.05
javier assad,
ben lively,0.2
tomoyuki sugano,0.1394
marcus stroman,0.2
garrett whitlock,0.058
tanner scott,0.1881
michael soroka,0.1333
andrew abbott,
emmanuel clase,0.05
hunter harvey,
zack littell,0.0875
quinn priester,
chris paddack,0.2
edwin diaz,
hayden birdsong,
ryan walker,0.05
jonathan cannon,0.0915
abner uribe,
griffin jax,
johan oviedo,
sean newcomb,0.1186
cade cavalli,
robert suarez,0.05
jack kochanowicz,0.2
aaron bummer,
yimi garcia,0.05
robert garcia,0.1551
aaron civale,0.2
tyler anderson,0.2
yennier cano,
pete fairbanks,
griffin canning,0.1981
spencer arrighetti,0.1117
logan allen,0.2
carmen mlodzinski,0.1083
blake treinen,0.05
orion kerkering,0.05
cole sands,
bryan abreu,0.05
cal quantrill,0.2
michael mcgreevy,
rhett lowder,
louis varland,0.2
mitch spence,0.0796
reed garrett,0.0671
chase dollander,
paul blackburn,
matt brash,
jakob junis,0.1135
bryan king,0.05
sean burke,0.2
gabe speier,
gregory soto,0.1066
randy vasquez,0.0909
yuki matsui,0.2
kenley jansen,0.05
pierce johnson,0.05
bryan hudson,0.05
justin wilson,
drey jameson,
justin slaten,0.05
easton lucas,0.05
nestor cortes,
mark leiter,0.2
liam hendriks,
bryce elder,0.2
tony gonsolin,
devin williams,
brennan bernardino,
aj puk,0.2
brock stewart,
adrian morejon,0.05
brad lord,0.0906
enyel de los santos,0.1299
will vest,
keegan akin,0.1526
erik miller,
danny coulombe,0.0776
manuel rodriguez,0.05
david robertson,
tanner banks,
kevin ginkel,
taijuan walker,
spencer turnbull,
joe boyle,
raisel iglesias,
patrick corbin,
luke weaver,
luis l ortiz,
bryan baker,0.1665
hoby milner,
colin rea,0.2
bubba chandler,
seranthony dominguez,0.05
nick mears,
jared koenig,0.0751
caleb ferguson,0.05
ryan thompson,0.05
randy rodriguez,0.05
kenta maeda,
graham ashcraft,
daysbel hernandez,0.05
evan phillips,
shawn armstrong,0.05
porter hodge,0.05
camilo doval,
alex vesia,0.2
greg weissert,0.0543
keaton winn,
phil maton,
joey wentz,0.101
john brebbia,
ian hamilton,
jack dreyer,0.053
grant anderson,0.1663
carson spiers,0.2
ryan borucki,0.05
noah schultz,
tyler holton,
tommy kahnle,
luis garcia,0.0695
forrest whitley,
kyle bradish,
yariel rodriguez,0.2
jalen beeks,0.053
dedniel nunez,
taylor rogers,
wandy peralta,0.05
slade cecconi,
julian merryweather,
riley o'brien,
anthony bender,
dj herz,
reynaldo lopez,0.1883
kyle finnegan,
andrew painter,
austin gomber,
andrew nardi,
jorge alcala,
brent headrick,
keider montero,
sean hjelle,
ryne stanek,
stephen kolek,
hunter gaddis,0.0906
caleb thielbar,0.05
craig kimbrel,
tyler phillips,0.1061
jordan wicks,
daniel lynch iv,0.086
steven okert,
jacob waguespack,
jonathan loaisiga,
kody funderburk,
quinn mathews,
zack kelly,
ross stripling,
cody bradford,
brendon little,0.1397
valente bellozo,0.2
carlos estevez,0.0882
jordan romano,0.0825
danny young,0.0649
matt waldron,
ronny henriquez,0.1795
joe kelly,
michel otanez,
chad patrick,0.1932
luke little,
tyler rogers,0.0545
hurston waldrep,
brandon eisert,
brant hurter,0.2
anthony banda,0.128
jose a ferrer,0.1412
sawyer gipson-long,
jesus tinoco,
braxton ashcraft,
kyle leahy,0.1181
jake bird,
max kranick,0.1181
brenan hanifee,0.2
ben joyce,0.05
tony santillan,0.0808
albert suarez,0.1186
jason foley,
connor gillispie,0.186
tristan beck,
justin topa,
jojo romero,0.0764
emilio pagan,
noah cameron,
mike vasil,0.2
jose butto,0.1873
penn murfee,0.0686
josh winckowski,
alex wood,
david bednar,
joel payamps,0.1975
garrett cleavinger,
justin lawrence,0.2
ian anderson,0.1419
ryan burr,
gregory santos,0.05
ryan brasier,
jorge lopez,
justin sterner,0.0549
yilber diaz,
brady basso,
adam mazur,
paul sewald,0.2
jackson jobe,0.2
luke jackson,0.2
eduard bazardo,0.0675
darren mccaughan,0.1212
dl hall,
robert stephenson,
ryan zeferjahn,
tyler gilbert,
brusdar graterol,
troy taylor,
tyler alexander,0.2
colin holderman,0.1918
angel zerpa,0.2
ryan pressly,0.124
trevor stephan,
bobby miller,
jonathan bowlan,
alex lange,
tim herrin,
daniel palencia,
craig yoho,
zack thompson,
landon knack,
carlos carrasco,0.1933
tim mayza,0.1832
huascar brazoban,0.05
michael fulmer,
clayton beeter,
josh sborz,
patrick sandoval,
wade miley,
joe jimenez,
hunter dobbins,
ethan roberts,
rafael montero,
kendall graveman,
aaron ashby,
andrew kittredge,
andrew chafin,
dennis santana,0.0568
sean guenther,
gerson garabito,0.2
andrew walters,
fraser ellard,
brock burke,0.2
james mcarthur,
logan henderson,
jacob lopez,
matt bowman,0.05
ty madden,
mason black,
carlos vargas,0.0769
brandon sproat,
kyle nelson,
derek law,
drew smyly,
ben casparius,0.0665
joe mantiply,0.0549
tyler ferguson,0.05
mike burrows,
scott blewett,
hunter stratton,
cade horton,
collin snider,0.1762
michael tonkin,
walter pennington,
brad keller,0.0851
jake cousins,
richard fitts,0.169
jt brubaker,
john schreiber,0.2
ian seymour,
matt manning,
declan cronin,
carson whisenhunt,
cam booser,0.2
dylan lee,0.0788
brandon young,
cristian mena,
alek manoah,
kevin herget,
huascar ynoa,
chase silseth,
bryan hoeing,
aj blubaugh,
carson seymour,
erik sabrowski,
trevor rogers,
michael kopech,
chayce mcdermott,
jason alexander,
scott barlow,0.0623
dane dunning,
shelby miller,0.0566
lou trivino,
shawn dubin,
jacob barnes,0.1903
tommy henry,
caden dana,
cody poteet,
john king,
dauri moreta,
shinnosuke ogasawara,
josh walker,
robby snelling,
max lazar,
cole sulser,
cristian javier,
jack neely,
joe ross,
nick sandlin,0.0726
jacob webb,0.2
chase shugart,
jhony brito,
brooks raley,
robert stock,
jhonathan diaz,
tink hence,
chase lee,
sean reid-foley,
colin selby,
joe rock,
austin adams,
patrick murphy,
tyson miller,
andrew saalfrank,
colton gordon,
tyler kinley,0.0927
drue hackenberg,
keynan middleton,
jose quijada,
bryse wilson,0.1925
tyler wells,
connor prielipp,
jonathan pintaro,
tyler stuart,
dietrich enns,
ryan fernandez,0.1238
shintaro fujinami,
trevor mcdonald,
erik swanson,
davis daniel,
sam aldegheri,
tim hill,0.0532
eric orze,
omar cruz,
seth halvorsen,
tayler scott,0.1947
jp france,
allan winans,
caleb kilian,
dylan dodd,
nick robertson,
brandyn garcia,
cam schlittler,
ryan gusto,0.1496
kyle amendt,
jacob latz,
carlos rodriguez,
carson ragsdale,
tommy nance,
scott mcgough,
andrew morris,
keegan thompson,
chris devenski,
mason thompson,
kyle nicolas,
chad green,0.2
joey lucchesi,
daniel robert,
franco aleman,
taylor clarke,
chris murphy,
jordan balazovic,
evan sisk,
sam hentges,
adrian houser,
kolby allard,
jimmy cordero,
trevor gott,
edgardo henriquez,
michael grove,
thomas szapucki,
nick burdi,
raidel martinez,
anthony gose,
carlos hernandez,
zach penrod,
kyle hurt,
nic enright,
ron marinaccio,
bryce montes de oca,
anthony veneziano,0.1281
adbert alzolay,
ray kerr,
daniel hudson,
colten brewer,
yency almonte,
jovani moran,
adam conley,
bruce zimmermann,
jose castillo,
packy naughton,
miguel del pozo,
thomas pannone,
ben heller,
janson junk,
drew pomeranz,
victor arano,
brandon walter,
trey wingenter,
josh taylor,
drew smith,
brooks kriske,
nick hernandez,
aneurys zabala,
matt bush,
jt chargois,
jb bukauskas,
enoli paredes,
josh winder,
brendan white,
manny banuelos,
thomas hatch,
jose cisnero,
tyler herb,
dylan covey,
taylor hearn,
jose de leon,
frank german,
luis perdomo,
nick snyder,
rich hill,
foster griffin,
jackson stephens,
angel felipe,
hans crouse,
wes parsons,
hagen danner,
cesar valdez,
pedro avila,
brady feigl,
aaron loup,
anthony kay,
mason montgomery,
domingo german,
kyle muller,
peter lambert,
kent emanuel,
arodys vizcaino,
stephen ridings,
jc mejia,
craig stammen,
oliver ortega,
brett martin,
rowan wick,
edwar colina,
emmanuel ramirez,
matt gage,
justin anderson,
miguel diaz,
david price,
mike baumann,
antonio santos,
burch smith,
jordan lyles,
brandon leibrandt,
ryan lobus,
tyler cyr,
eiberson castellano,
andres machado,
buck farmer,
rob kaminsky,
darwinzon hernandez,
jhon romero,
thyago vieira,
james naile,
spencer howard,
bryan sammons,
zach logue,
jake jewell,
joely rodriguez,
michael rucker,
alex speas,
lucas luetge,
yunior marte,
amir garrett,
naoyuki uwasawa,
eric lauer,
cody morris,
zach pop,
collin mchugh,
yerry rodriguez,
kaleb ort,
shun yamaguchi,
isaiah campbell,
zak kent,
vinny nittoli,
jeremy beasley,
yoan lopez,
brandon waddell,
joel kuhnel,
josh fleming,
yohan ramirez,
jarlin garcia,
jose lopez,
luis f ortiz,
anthony bass,
garrett richards,
jake diekman,
casey sadler,
ken giles,
david buchanan,
matt festa,
richard bleier,
daniel castano,
austin voth,
conner menez,
raynel espinal,
ian krol,
humberto castellanos,
jose espada,
ethan small,
konnor pilkington,
mitch white,
tsuyoshi wada,
paul fry,
matt moore,
chad smith,
gerrit cole,
braxton garrett,
joe musgrove,
christian scott,
jordan montgomery,
connelly early,
julio urias,
ricky tiedemann,
reid vanscoter,
gavin stone,
emmet sheehan,
scott kazmir,
hyun jin ryu,
trevor bauer,
lance lynn,
wei-chieh huang,
hunter barco,
kc hunt,
anthony desclafani,
robert gasser,
matt dermody,
ben shields,
drew rom,
parker messick,
ken waldichuk,
troy melton,
adam seminaris,
john michael bertrand,
zack greinke,
coleman crow,
lucas braun,
cj culpepper,
cole irvin,
john means,
kohei arihara,
jonah tong,
nolan mclean,
jack choate,
robert colina,
jaden hamm,
jose urquidy,
cameron weston,
jarlin susana,
alejandro rosario,
austin peterson,
connor mccullough,
john parke,
seth lonsway,
erick leal,
nick zwack,
ronnie williams,
dax fulton,
dallas keuchel,
brandon knarr,
nolan kingham,
connor noland,
ty johnson,
will dion,
chris clarke,
james paxton,
drew rucinski,
joe whitman,
colten schmidt,
joander suarez,
markus solbach,
yordanny monegro,
david sandlin,
austin krob,
tim adleman,
jake miller,
sixto sanchez,
yu-min lin,
blake wehunt,
matt osterberg,
taylor dollard,
andrew alvarez,
brett anderson,
ariel jurado,
walker powell,
jack wenninger,
rafael sanchez,
mason adams,
river ryan,
brendan mckay,
robinson pina,
brendan beck,
matt wilkinson,
corey kluber,
jack perkins,
lael lockhart,
luis de avila,
connor seabold,
ethan pecko,
tekoah roby,
caleb sampen,
royber salinas,
nolan hoffman,
chris archer,
domingo robles,
scott randall,
tyler uberstine,
isaac coffey,
brody mccullough,
josh stephan,
jean pinto,
nathan kirby,
spencer giesting,
kohl drake,
oscar rojas,
juan mercedes,
aaron brooks,
logan verrett,
kaleb roper,
cooper hjerpe,
mike minor,
brian keller,
will johnston,
ty blach,
rony garcia,
jack cushing,
kwang hyun kim,
connor jones,
andrew moore,
luis perales,
matt canterino,
brandon birdsell,
mason barnett,
lachlan wells,
ethan hankins,
adam macko,
peyton plumlee,
nick margevicius,
rodney boone,
blayne enlow,
luis medina,
julio teheran,
george klassen,
jake dahlberg,
wyatt short,
marco gonzales,
vince velasquez,
matt harvey,
ben gross,
pete hansen,
joe gunkel,
frank duncan,
michael plassmeyer,
bryan brickhouse,
rorik maltrud,
zach matson,
kohl stewart,
jake kalish,
kenny hernandez,
jackson tetreault,
kyle brnovich,
landon marceaux,
ronald medrano,
chih-jung liu,
angel sanchez,
austin warner,
jedixson paez,
noah syndergaard,
marco raya,
victor santos,
nick bush,
kyle jones,
sean mooney,
adam wainwright,
ronald herrera,
darius vines,
ryan murphy,
steven zobac,
yonny chirinos,
michael morales,
carlos duran,
jesus vargas,
matt milburn,
winston santos,
kevin smith,
caleb bolden,
joseph montalvo,
sean boyle,
connor grey,
jesse scholtens,
freddy pacheco,
anders tolhurst,
roman angelo,
johnny cueto,
aaron wilkerson,
masahiro tanaka,
tyler ivey,
juan hillman,
dylan ray,
pedro fernandez,
michael pineda,
davis feldman,
blair henley,
ben krauth,
james gonzalez,
mitch bratt,
dominic perachi,
jake woodford,
brock selvidge,
alemao hernandez,
chris flexen,
trevor cahill,
adrian sampson,
brandon gold,
daniel gossett,
christian macleod,
spenser watkins,
matthew kent,
jake lee,
brandon williamson,
nick bennett,
miller hogan,
rio gomez,
ben anderson,
danny wirchansky,
jake walkinshaw,
lewis thorpe,
christian mcgowan,
noah bremer,
harol gonzalez,
shane drohan,
cj van eyk,
john swanda,
richard gallardo,
chandler champlain,
jake lyons,
carlos martinez,
grant gambrell,
alec kisena,
drew thorpe,
trent sellers,
seth frankoff,
garrett burhenn,
tyson guerrero,
adrian alcantara,
troy miller,
ryan brown,
jose fleury,
chase hampton,
aaron rozek,
grant kipp,
alex troop,
blake burkhalter,
andrew albers,
easton mcgee,
chad dallas,
nick fraze,
john o'reilly,
aaron leasher,
hunter stanley,
david parkinson,
jake miednik,
jake odorizzi,
ja happ,
connor overton,
jake arrieta,
sam armstrong,
avery short,
mario sanchez,
stephen strasburg,
alex williams,
jacob miller,
adam scott,
james marvel,
john gant,
drew hutchison,
jj niekro,
blake adams,
julio robaina,
luis palacios,
ricky castro,
kade morris,
mitch farris,
henry baez,
tyler schweitzer,
chen zhong-ao zhuang,
ixan henderson,
paul bonzagni,
zach davies,
noah song,
william cuevas,
sean sullivan,
kohl franklin,
steven fuentes,
danny duffy,
jhancarlos lara,
blade tidwell,
lucas knowles,
seth nordlin,
efrain contreras,
gray fenter,
nathan wiles,
logan shore,
duncan davitt,
jean cabrera,
tate kuehner,
jackson baumeister,
will sanders,
ty damron,
jack mahoney,
tim brennan,
riley gowens,
alex pham,
riley thompson,
aaron brown,
trenton wallace,
juan carela,
justin lasko,
adolfo ramirez,
jake garland,
dylan bundy,
dom hamel,
brycen mautz,
norge vera,
luis morales,
jose chacin,
johan dominguez,
trent palmer,
dylan file,
thomas white,
jeff bain,
ben kudrna,
matt swarmer,
charlie barnes,
steven moyers,
zack trageton,
gabe morales,
brody hopkins,
joelvis del rosario,
asa lacy,
grant gavin,
lazaro estrada,
jose cabrera,
hayden mullins,
jackson ferris,
billy corcoran,
alessandro ercolani,
duncan snider,
andrew bash,
henry williams,
noah zavolas,
ryan carpenter,
kyle luckham,
nate peterson,
dan straily,
colby morris,
anthony solometo,
matt shoemaker,
ian mckinney,
odrisamer despaigne,
nolan watson,
kyle kubat,
mitch ragan,
trey gibson,
evan mckendry,
riley davis,
raul alcantara,
nick neidert,
brett wichrowski,
justin lewis,
seth shuman,
manuel mercedes,
manuel espinoza,
dakota hudson,
zack godley,
brayan mendoza,
braden olthoff,
konnor ash,
ethan lindow,
evan fitterer,
jordan geber,
andrew quezada,
po-yu chen,
charles king,
jake bennett,
hyun-il choi,
madison bumgarner,
owen murphy,
mike foltynewicz,
darren bowen,
jon duplantier,
yon castro,
carlos luna,
luis de leon,
trey supak,
wilkel hernandez,
juan daniel encarnacion,
blake beers,
dustin saenz,
yusniel padron-artiles,
aaron sanchez,
colton eastman,
nick payero,
rodney theophile,
jared karros,
hunter owen,
humberto mejia,
christian mejias,
joey mancini,
matt frisbee,
asher wojciechowski,
dillon overton,
felix arronde,
travis sykora,
gabe mosser,
logan workman,
grant rogers,
julian aguiar,
dylan delucia,
daniel nunez,
ethan bosacker,
emilio vargas,
victor lizarraga,
ian bedell,
deyni olivero,
anibal sanchez,
patrick reilly,
abdiel mendoza,
brian gonzalez,
nestor german,
marcos tineo,
tommy milone,
alex valverde,
chase chaney,
zach fruit,
cedric de grandpre,
adam oller,
zach thornton,
dylan carmouche,
thomas eshelman,
david davalillo,
trystan vrieling,
victor vargas,
miguel ullola,
yoniel curet,
zach king,
james kaprielian,
tommy sommer,
dj mccarty,
brett kerry,
ryan lillie,
cale lansville,
rito lugo,
jake walters,
gabriel reyes,
max alba,
tony dibrell,
garrett schilling,
moises chace,
logan clayton,
bryce osmond,
shawn semple,
carlson reed,
ike buxton,
brooks gosswein,
darlin saladin,
conner loeprich,
carson pierce,
adam maier,
didier fuentes,
garrett baumann,
tanner hall,
zane mills,
owen wild,
chris kachmar,
jorge bautista,
josh grosz,
jon lester,
ty langenberg,
zach plesac,
aaron shortridge,
braxton bragg,
nic swanson,
fernando perez,
carlos espinosa,
luis cessa,
victor munoz,
braden nett,
zack lee,
cesar perdomo,
michael baird,
trace bright,
joe elbis,
williander moreno,
jairo solis,
jay groome,
adam leverett,
jackson wolf,
kohl simas,
wade leblanc,
ky bush,
jaime melendez,
cody deason,
kendry rojas,
jaime arias,
jesus gonzalez,
norwith gudino,
emmett olson,
garrison bryant,
ryne moore,
brandon schaeffer,
jose gonzalez,
baron stuart,
jared lyons,
josh hendrickson,
tommy romero,
justin bullock,
christian romero,
jaxon wiggins,
jerad eickhoff,
ryley widell,
carlos marcano,
ben brecht,
jagger haynes,
brett conine,
jacob watters,
luis angel rodriguez,
griff mcgarry,
andrew taylor,
joe miller,
ryan hawks,
joel hurtado,
chase solesky,
chad donato,
ben braymer,
hunter riggins,
jr ritchie,
bailey dees,
santiago suarez,
mike ruff,
noah hall,
jared kollar,
jose salvador,
mavis graves,
chen-wei lin,
chandler murphy,
tj zeuch,
garrett mcmillan,
levi stoudt,
ryan garcia,
alex clemmey,
jordan fowler,
reid johnston,
josh bostick,
jackson humphries,
hunter patteson,
justin nicolino,
chris mcmahon,
rayner castillo,
michael prosecky,
anderson brito,
matthew thompson,
connor van scoyoc,
trent baker,
calvin ziegler,
mason green,
tommy mace,
cody mincey,
alex cook,
justin jarvis,
hayden wynja,
manuel urias,
logan martin,
christian young,
noah skirrow,
adrian chaidez,
wilkin paredes,
matt walker,
andrew sears,
charlee soto,
juaron watts-brown,
josh trentadue,
izack tiger,
marcus johnson,
jake brooks,
cameron wagoner,
jimmy endersby,
cullen kafka,
alex santos,
eric yost,
hayden minton,
gary gill hill,
marcelo perez,
bryan garcia,
md johnson,
chris ellis,
jace kaminska,
alfredi jimenez,
alexander cornielle,
shaddon peavyhouse,
sam whiting,
kenten egbert,
jose atencio,
aaron davenport,
michael forret,
nick dean,
peyton battenfield,
caden grice,
harold melenge,
devereaux harrison,
yordin chalas,
jose corniell,
jamison hill,
william fleming,
mccade brown,
edgar escobar,
keythel key,
jacob steinmetz,
anderson amarista,
edwin jimenez,
cade winquest,
jerming rosario,
wilber dotel,
zach messinger,
elmer rodriguez-cruz,
gerelmi maldonado,
heitor tokar,
drew parrish,
josue panacual,
juan salas,
wyatt crowell,
nolan devos,
kyle carr,
wilfredo pereira,
juan pablo lopez,
luis moncada,
antwone kelly,
yujanyer herrera,
will rudy,
yorman galindez,
tommy parsons,
landon leach,
jose davila,
khristian curtis,
eduardo rivera,
cole patten,
danny kirwin,
mikell manzano,
jose montero,
owen hackman,
thomas ponticelli,
leonel sequera,
ryan long,
brian edgington,
liam simon,
juan valera,
chris mcelvain,
peter heubeck,
jonatan bernal,
deck mcguire,
yanquiel sanchez,
josh wolf,
aldrin batista,
cade kuehler,
kevin abel,
over galue,
leandro lopez,
braunny munoz,
juan rojas,
connor oliver,
bodi rascon,
jose acuna,
seth keener,
franklin gomez,
wyatt wendell,
johnathan harmon,
jacob bresnahan,
keyner benitez,
alex mcfarlane,
kendall williams,
drew conover,
esmerlin vinicio,
juan bello,
luis rijo,
matt duffy,
bishop letson,
jarrod cande,
walbert urena,
christian fernandez,
nathan dettmer,
orlando rodriguez,
teddy stankiewicz,
jacob meador,
raimon gomez,
cesar lares,
alberto pacheco,
allen facundo,
gabriel cotto,
jordano perez,
emmanuel reyes,
hunter perdue,
miguelangel boadas,
deylen miley,
connor o'halloran,
mikey tepper,
javi rivera,
lorenzo encarnacion,
davis polo,
alain pena,
jefrem leon,
jervis alfaro,
hung-leng chang,
josh knoth,
noah dean,
eliazar dishmey,
carlos lagrange,
luis gutierrez,
eccel correa,
liam sullivan,
jason savacool,
adrian florencio,
sandro bargallo,
zach mort,
ian koenig,
angel roman,
luis serna,
hancel rincon,
adam serwinowski,
bryan perez,
patrick copen,
carlos calderon,
ryan birchard,
melvin hernandez,
conor grady,
hiro wyatt,
tanner mcdougal,
rainiery rodriguez,
mason albright,
wilton castillo,
micah ottenbreit,
starlyn castillo,
blake wolters,
erian rodriguez,
drew mcdaniel,
luis valdez,
brayan romero,
enmanuel pinales,
ross dunn,
yunior tur,
cole kirschsieper,
nestor lorant,
nelfy ynfante,
justin lange,
tyler schlaffer,
casey steward,
jeter martinez,
erick rodriguez,
brandon white,
alonzo tredwell,
case williams,
daiveyon whittle,
shane davis,
jose olivares,
dylan castaneda,
matt gabbert,
julio marte,
wyatt hudepohl,
luis carrasco,
jose luis reyes,
pablo aldonis,
frank mozzicato,
tyler gough,
steven echavarria,
henry lalane,
peyton stumbo,
enniel cortez,
trevor harrison,
grant judkins,
luis rodriguez,
cristian nunez,
kevin valdez,
andres diaz,
cristopher castro,
elvis soto,
jackson finley,
travis sthele,
julio goff,
jose chirinos,
isaiah lowe,
wande torres,
oswald medina,
anthony narvaez,
riley cornelio,
chris clark,
nolan perry,
quinton low,
james proctor,
josh hansell,
hunter kublick,
alex ayala,
jake bockenstedt,
israel puello,
kris anglin,
levi thomas,
karson milbrandt,
maddux bruns,
drew gray,
candido cuevas,
luis rujano,
juan amarante,
walter ford,
engel daniel peralta,
yoscar pimentel,
dylan questad,
noble meyer,
nomar medina,
jorge de leon,
bryce hubbart,
jordy vargas,
luis cohen,
engert garcia,
rayven antonio,
arielbi gonzalez,
kleiber olmedo,
dualvert gutierrez,
connor staine,
walin castillo,
jorge rodriguez,
lucas gordon,
payton martin,
melkis hernandez,
clevari tejada,
huei-sheng lin,
bryan caceres,
hunter parks,
jose bello,
thomas farr,
alexander vallecillo,
carlos castillo,
jose dicochea,
ashton izzi,
samuel sanchez,
kolton curtis,
owen kellington,
yordan nodal,
zander mueth,
alonzo richardson,
ruben castillo,
alejandro hidalgo,
greiber mendez,
ben brutti,
adrian bohorquez,
luis reyes,
yenrri rojas,
jeremy pilon,
sandy mejia,
javier atencio,
kamdyn perry,
jeremy reyes,
denny larrondo,
joey walsh,
austin emener,
elvis garcia,
christian zazueta,
ricardo brizuela,
yeferson vargas,
juan nunez,
eriq swan,
jose gomez,
keeler morfe,
manuel olivares,
ernesto mercedes,
jesus rivero,
heribert garcia,
miguel mendez,
raul rangel,
ryan harvey,
hyun-seok jang,
david lorduy,
bryan mena,
nazier mule,
jefferson jean,
kenya huggins,
giussepe velasquez,
luis arestigueta,
german nunez,
christian oppor,
danyony pulido,
edgardo ibarra,
alvin nova,
eric prado,
yeri perez,
pedro garcia,
bryan sanchez,
haminton mendez,
samuel colmenares,
pedro reyes,
brock jones,
daniel guerra,
luichi casilla,
mason mcgwire,
barrett kent,
jose urbina,
dylan lesko,
mariano salomon,
yhoiker fajardo,
gabriel agostini,
adam bates,
yereny teus,
develson aria,
dheygler gimenez,
gabriel rodriguez,
yadiel batista,
kelvis salcedo,
pedro marquez,
felix castro,
camilo sanchez,
enrique segura,
shea barry,
andrew landry,
eddy felix,
jackson cox,
orlando gonzalez,
ismael luciano,
maikel miralles,
gabriel torres,
kyle larsen,
joan ogando,
angel jimenez,
jose romero,
ricardo estrada,
joseilyn gonzalez,
jormy nivar,
javier bartolozzi,
keiverson ramirez,
reudis diaz,
sabier marte,
josbel garcia,
juan de la cruz,
omar victorino,
jose rengel,
luifer romero,
nick bitsko,
bryan polanco,
danny flatt,
juan soto,
ervin torres,
sann omosako,
wuilberth mendez,
jose feliz,
andre sanchez,
jostin florentino,
elwis mijares,
franyer herrera,
noelin cuevas,
marlon franco,
david rodriguez,
ubaldo soto,
franklin gil,
riley bauman,
reynardo cruz,
richard fernandez,
luis bermudez,
jhon medina,
cole schoenwetter,
luis cepeda,
jharold clemente,
silvano hechavarria,
eliseo mota,
adrian heredia,
frank moreno,
joel heredia,
ledwin taveras,
andres silvera,
edinzo marquez,
darwin rodriguez,
randry de leon,
accimias morales,
jose guevara,
javier gonzalez,
kevin velasco,
geury rodriguez,
franyel diaz,
brayan narvaez,
andy basora,
francis texido,
alexander campos,
jesus palacios,
reiver camacho,
luis maracara,
manuel davila,
joshua quezada,
evelio hernandez,
miguel flores,
jose martinez,
mervin fell,
roger rodriguez,
melvin rodriguez,
chalniel arias,
luis cesar,
cristofer mezquita,
jose ramirez,
jorge herrera,
luis aguilar,
wenderlyn king,
enderson mercado,
miguel segura,
melvin pineda,
randy lara,
cesar aquino,
jeremy gonzalez,
nelvis ochoa,
samir chires,
mason pelio,
miguel toscano,
deibi rodriguez,
anthony crespo,
deivy paulino,
kelvin rosario,
daniel guerrero,
jonathan jimenez,
manuel cazorla,
dioris de la rosa,
vitico valdez,
hamlet garcia,
andres cova,
eric veras,
moises meza,
pedro tucent,
luimy munoz,
jonathan salazar,
angel bello,
norbis diaz,
miguel rondon,
jose serrano,
jorge luna,
argenis aparicio,
zhiorman imbriano,
orlando suarez,
gregory sanchez,
stharlin torres,
eduardo robles,
jefferson moran,
jeffrey german,
jesus tillero,
jerson alejandro,
marcos herrera,
xiomer guacache,
kevin briceno,
alexander fuentes,
aneuris rodriguez,
eduar gonzalez,
rubender pena,
freddery paulino,
anderson beltre,
wilkerman munoz,
manuel osorio,
keiber armas,
jordarlin mendoza,
jesus carrera,
andrew bolivar,
adolfo oviedo,
esteban luna,
samuel perez,
luis espinoza,
nicolas carreno,
francisco morao,
cesar jimenez,
yeimison arias,
sandy ozuna,
yermain ruiz,
manuel perez,
jonaiker castellar,
mauricio colmenares,
franyerson reyes,
marcos pimentel,
marwys cabrera,
wandy abreu,
jesus colina,
jose varela,
leuris portorreal,
brandon herbold,
jaiker garcia,
marlon de la cruz,
jordany chirinos,
wilson betemit,
rolfi jimenez,
braulio salas,
wander ventura,
edgar leon,
wifrailyn jaquez,
nyan hernandez,
robert cruz,
joel garcia,
deybi salcedo,
maxwel hernandez,
jonathan russell,
michell chirinos,
dariel polanco,
johnathan rogers,
olmandi diaz,
denny lima,
francis marte,
albert polanco,
bernardo rivera,
kenny pinto,
anderson cardenas,
oswaldo aponte,
jeison calvo,
fabian gallardo,
janderson linares,
wilmer lugo,
edwin moreno,
victor espiritu,
edwin gonzalez,
dawel serda,
rolando casihis,
alvaro pineda,
rodolfo toledano,
yeferson silva,
luis osorio,
jonathan batista,
smil guzman,
santiago peraza,
damian jimenez,
winyer chourio,
christopher hernandez,
cristian rueda,
daniel keaney,
wuilliams rodriguez,
juan pinto,
eliazar de los santos,
vince sanchez,
henry montilla,
julio polanco,
starlin savinon,
ezequiel jimenez,
kendal meza,
emannoel madeira,
jose silvestre,
lewis sifontes,
edelvis perez,
juan cota,
branneli franco,
gabriel colmenarez,
anderson guevara,
alison zacarias,
brendan morse,
wilmer ramirez,
dylan wilson,
yoelvin chirino,
juan rasquin,
ronny oliver,
maximo gonzalez,
wander severino,
santiago rojas,
keegan zinn,
sebastian estiven,
maximo martinez,
carlos lopez,
oscar romero,
rodolfo garrido,
ronny lopez,
keuri almonte,
leudy tirado,
josue arias,
renil ramos,
daniel mejia,
gerson balbino,
edinson salgado,
francisco mercado,
eward rodriguez,
daury vasquez,
brayan medina,
cesar espinal,
darcy longstaff,
yafrerlyn vasquez,
ayendy bravo,
josmar acevedo,
jose vasquez,
jeremy martinez,
cristian hernandez,
walvin mena,
greudis de los santos,
reimy beltre,
jaitoine kelly,
marlon nieves,
alexander de los santos,
jhon nunez,
jorge geraldo,
cesar ayala,
yannelbinson lugo,
paul chacon,
joseph herrera,
david bracho,
maikel rodriguez,
jose pinto,
junior sanchez,
hanfermin vargas,
bladimir pichardo,
jesael cabrera,
alfonso perez,
luis carias,
jose chavez,
diego dugarte,
adrian martinez,
miguel cruz,
merlin bido,
fabian soto,
wilmer blanco,
luis victorino,
juan archbold,
jank pichardo,
freilyn guzman,
jordy arias,
abraham parra,
ismael cabral,
roman camacho,
whilmer guerra,
stijn van der schaaf,
joshawn lampson,
moises lira,
yefri carrillo,
jose de la rosa,
estarlin francisco,
sunayro martina,
jeison sanchez,
omar gonzalez,
amauri otero,
darian rivero,
antonio florido,
leodarlyn colon,
rudit pina,
justin militello,
miguel mesa,
pedro peralta,
angel beltran,
freilyn silverio,
luis morellis,
joelvis perez,
eudry alcantara,
cristobal abreu,
carlos canales,
diego palmero,
nicolas de la cruz,
edward cedano,
yuliangel de la cruz,
johander rubio,
adrian acosta,
bayant melo,
eider machuca,
jhonly taveras,
carlos mateo,
kai-wei teng,
drew sommers,
wily peralta,
alex faedo,
jay jackson,
brailyn marquez,
cole waites,
drew carlton,
sam clay,
hector santiago,
kyle funkhouser,
tony watson,
ricardo sanchez,
mauricio llovera,
cam alldred,
zack britton,
zach mcallister,
matt krook,
jackson kowar,
ryder ryan,
nick nelson,
tucker davidson,
alex reyes,
kenny rosenberg,
nick duron,
austin davis,
rob zastryzny,
adam morgan,
alex cornwell,
nick ramirez,
brian van belle,
anderson pilar,
fred schlichtholz,
roenis elias,
brad wieck,
miguel castro,
james norwood,
hayden harris,
jake petricka,
adam kloffenstein,
reggie crawford,
dylan cumming,
adonis medina,
greg holland,
grant hartwig,
sam gaviglio,
riley pint,
tommy doyle,
zack weiss,
derek holland,
tyler jay,
phil bickford,
josh osich,
corey knebel,
jandel gustave,
seth martinez,
ryan tepera,
jace fry,
cam vieaux,
anthony castro,
brett eibner,
felix pena,
jimmy joyce,
trent harris,
kyle backhus,
avery weems,
dominic leone,
brad hand,
josh maciejewski,
dinelson lamet,
james hicks,
matt barnes,
wilmer flores,
andrew suarez,
raymond burgos,
jp feyereisen,
codi heuer,
ryan miller,
jb wendelken,
evan marshall,
rico garcia,
kyle dowdy,
matt carasiti,
kelvin caceres,
dillon peters,
adam laskey,
glenn otto,
michael feliz,
tj brock,
luis moreno,
ryan watson,
tyler viza,
david phelps,
dylan tebrake,
jeurys familia,
coleman huntleyi,
kyle cody,
beau sulser,
ty adcock,
brandon hughes,
kolton ingram,
nick davila,
jose rodriguez,
elieser hernandez,
ryan weber,
hector perez,
clayton andrews,
anthony misiewicz,
erasmo ramirez,
cody reed,
jordan weems,
wilking rodriguez,
jackson rees,
blair calvo,
ricky vanasco,
manuel castro,
austin pope,
justin garza,
emiliano teodo,
ljay newsome,
sam mcwilliams,
anthony maldonado,
austin bergner,
yefry ramirez,
wil crowe,
isaac mattson,
francisco perez,
tommy hunter,
alberto baldonado,
domingo acevedo,
rex brothers,
hyeon-jong yang,
tyler duffey,
roel ramirez,
reymin guduan,
michael giacone,
tyler chatwood,
john gavin,
brian moran,
reagan todd,
luke bard,
oddanier mosqueda,
domingo tapia,
enmanuel de jesus,
joe jacques,
phillips valdez,
joe harvey,
prelander berroa,
michael knorr,
chasen shreve,
garrett stallings,
daulton jefferies,
ryan och,
ryan bourassa,
felipe de la cruz,
cruz noriega,
andre jackson,
cameron cotter,
jesse biddle,
evan reifert,
ty cummings,
keone kela,
freddy tarnok,
genesis cabrera,
ryan hendrix,
riley martin,
carl edwards,
jose alvarez,
sam coonrod,
nabil crismatt,
john russell,
jackson nezuh,
andrew hoffmann,
dylan smith,
cole paplham,
jake mcgee,
max castillo,
mark appel,
matt andriese,
nick sinacola,
andrew wantz,
reiver sanmartin,
edgar santana,
james bourque,
franklyn kilome,
peter solomon,
cory abbott,
pj poulin,
michael stryffeler,
anderson espinoza,
josh staumont,
robert gsellman,
aaron slegers,
adam kolarek,
samy natera,
gerardo reyes,
austin love,
eric hanhold,
wyatt mills,
collin wiles,
tj shook,
tanner andrews,
mike ellenbest,
jimmy yacabonis,
luis gastelum,
marcus walden,
peter van loon,
matt vogel,
magnus ellerts,
anthony swarzak,
michael byrne,
zach franklin,
dany jimenez,
scott boches,
alex young,
jon olczak,
daniel norris,
darien nunez,
jimmy nelson,
norge ruiz,
daniel duarte,
brooks wilson,
nick avila,
reiss knehr,
bennett sousa,
trey dombroski,
levi wells,
tyler mitzel,
alex powers,
chad kuhl,
andrew edwards,
leon hunter,
conner greene,
jeff criswell,
oscar rayo,
braden shipley,
jose marte,
thomas burrows,
garrett acton,
michael flynn,
matt mullenbach,
braxton roxby,
tommy eveld,
eric reyzelman,
matt hardy,
geoff hartlieb,
kyle mcgowin,
jonathan holder,
kazuhisa makita,
raul brito,
landon harper,
justin bruihl,
brody rodning,
cody stashak,
nolan clenney,
ross detwiler,
ryan jennings,
woo-suk go,
tristan stevens,
carson coleman,
tyler beede,
matt peacock,
jose adames,
kai-wei lin,
al pesto,
robbie erlin,
paul gervase,
daniel missaki,
ricardo pinto,
andrew vasquez,
landon sims,
felix paulino,
noah denoyer,
curtis taylor,
sean nolin,
trevor martin,
jonathan heasley,
chi chi gonzalez,
johan quezada,
zac lowther,
jc ramirez,
paxton schultz,
steven brault,
jake walsh,
robert dugger,
eric stout,
blake walston,
tanner tully,
garrett hill,
jack leftwich,
joe record,
trevor lane,
casey kelly,
trevor richards,
phoenix sanders,
jesus cruz,
travis macgregor,
zach peek,
david hale,
william woods,
touki toussaint,
nicholas padilla,
sam gardner,
zac houston,
jake mcsteen,
duane underwood,
joe biagini,
cameron leonard,
miguel yajure,
christian roa,
parker markel,
eric skoglund,
logan evans,
sean kealey,
nigel belgrave,
raffi vizcaino,
alex phillips,
trevor may,
brandon kintzler,
blake weiman,
cameron bishop,
cody carroll,
marcos diplan,
jorge mercedes,
tyler higgins,
jaime barria,
kirby snead,
joakim soria,
tyler samaniego,
rj petit,
kevin stevens,
brandon brennan,
sam howard,
camden minacci,
archie bradley,
andrew miller,
alex claudio,
trevin michael,
yacksel rios,
sam freeman,
kyle crick,
aj puckett,
stephen woods,
jake fishman,
carson fulmer,
ryan sherriff,
noe toribio,
patrick halligan,
bryan magdaleno,
wil jensen,
sammy peralta,
kirk mccarty,
justus sheffield,
nash walters,
taylor widener,
ty buttrey,
nick allgeyer,
jake wong,
colton hock,
cj weins,
bubby rossman,
reyes moronta,
darrell thompson,
erich uelmen,
julian fernandez,
hansel robles,
trevor brigden,
zack burdi,
drew verhagen,
argenis angulo,
kyle mora,
trey mcloughlin,
ty tice,
jakob hernandez,
luke summers,
darren o'day,
ben bowden,
anderson severino,
mark washington,
ryan ramsey,
matt foster,
shawn morimando,
zane russell,
jaden woods,
ben peoples,
zane morehouse,
noel vela,
sean rackoski,
miguel sanchez,
jayden murray,
jackson rose,
javy guerra,
thomas jankins,
jordi martinez,
rj dabovich,
andres nunez,
junior garcia,
geronimo franzua,
fernando abad,
mark melancon,
nick merkel,
ricardo velez,
tyler schoff,
cade gibson,
sean poppen,
nick vincent,
bryan mitchell,
nate garkow,
andres sotillet,
chase anderson,
connor curlis,
logan boyer,
kent hasler,
andrew politi,
carlo reyes,
rj alaniz,
anthony vizcaya,
mat olsen,
reidis sena,
carlos pena,
jacob bosiokovic,
jake higginbotham,
marshall kasowski,
andrew magno,
logan sawyer,
jimmy lambert,
trevor bettencourt,
drew steckenrider,
dale stanavich,
josh dye,
keylan killgore,
pierson ohl,
colton johnson,
joe zanghi,
francisco morales,
mac sceroler,
mark manfredi,
jensen elliott,
seunghwan oh,
jj goss,
matt cronin,
juan morillo,
austin kitchen,
sean mclaughlin,
shay schanaman,
jake faria,
solomon bates,
bradley brehmer,
cody ponce,
tyler myrick,
ryan brady,
austin brice,
alec mills,
rafael dolis,
nick vespi,
derek diamond,
melvin adon,
trevor clifton,
vladimir gutierrez,
evan gates,
derek craft,
aj ladwig,
antonio velez,
logan rinehart,
taylor rashi,
ervin santana,
keyshawn askew,
austin roberts,
fernando sanchez,
steve cishek,
kyle bird,
adonys perez,
reid morgan,
douglas orellana,
justin grimm,
darin gillies,
ryan anderson,
matt seelinger,
zach muckenhirn,
dillon tate,
alex colome,
shaun anderson,
joe smith,
tyler pike,
mckinley moore,
aaron pinto,
taylor cole,
hayden juenger,
wade davis,
justin dillon,
brad brach,
dusten knight,
kelly austin,
jason creasy,
peyton remy,
hunter wood,
patrick weigel,
wilmy sanchez,
luis pacheco,
graham spraker,
kyle zimmer,
jesus liranzo,
edwin escobar,
andrew bellatti,
alex segal,
edgar navarro,
kyle zurak,
tim cate,
yanlun zhang,
mack lemieux,
kyle bischoff,
garrett williams,
heath hembree,
tyler mckay,
ian mejia,
jason blanchard,
jose quezada,
jonah scolaro,
chris campos,
dakota hawkins,
garrett davila,
justin storm,
brett schulze,
brett kennedy,
tim holdgrafer,
brandan bidois,
jojo ingrassia,
ryan middendorf,
yoshihisa hirano,
jake sanchez,
travis lakins sr,
zac leigh,
seth elledge,
parker dunshee,
shane mccarthy,
josh james,
alejandro mateo,
jhan marinez,
nate jones,
austin schulfer,
deolis guerra,
ben leeper,
mike montgomery,
connor johnstone,
leonardo pestana,
cole winn,
luis avilan,
ryan meisinger,
bernie martinez,
angel rondon,
carter loewen,
joey krehbiel,
ryan boyer,
blake parker,
juan sanchez,
blake workman,
nick jones,
mason englert,0.1032
juan minaya,
taylor williams,
yorlin calderon,
daniel zamora,
dillon maples,
blake rogers,
will stewart,
luis amaya,
peyton alford,
jack weisenburger,
robbie hitt,
tyler thornburg,
deivi garcia,
alex hoppe,
brandon komar,
ryan conroy,
lucas jacobsen,
nelvin correa,
andrew lee,
aaron perry,
ike schlabach,
sean doolittle,
sean hunley,
zach neal,
hunter mcmahon,
anderson paulino,
nick starr,
brady lail,
cole mcdonald,
chance kirby,
joe corbett,
connor sadzeck,
anderson munoz,
zac rosscup,
william kempner,
hirokazu sawamura,
jimmie sherfy,
jose fermin,
skylar hales,
jefry rodriguez,
moises lugo,
jake sommers,
joe wieland,
jake reindl,
jorge guzman,
jason bahr,
patrick ruotolo,
osiris german,
josh lindblom,
liu fuenmayor,
daniel mengden,
matt brill,
jaylen nowlin,
brayan perez,
chase cohen,
nelson l alvarez,
dalton moats,
blake holub,
paolo espino,
cy nielson,
taylor broadway,
jace vines,
angel de jesus,
dylan king,
mychal givens,
matt wisler,
andrew cabezas,
nicholas regalado,
tim naughton,
pablo garabitos,
david leal,
kyle dohy,
kevin gowdy,
zach greene,
dugan darnell,
daniel camarena,
bubba derby,
frank rubio,
matt koch,
shawn rapp,
christian montes de oca,
justin miller,
chase costello,
riley smith,
dj snelten,
chris vallimont,
hobie harris,
nick wittgren,
sterling sharp,
seth mayberry,
cameron foster,
travis perry,
tristan garnett,
colin mckee,
logan cozart,
juan burgos,
nick morreale,
jharel cotton,
miguel pena,
gerardo carrillo,
ryan hennen,
adam plutko,
jackson kelley,
denny bentley,
jeff belge,
kyle barraclough,
wes robertson,
caleb baragar,
alfredo zarraga,
albertus barber,
grant dayton,
juan then,
reid schaller,
miguel cienfuegos,
hayden seig,
clay helvey,
ross carver,
brad peacock,
patrick smith,
clayton mcginness,
aaron mcgarity,
roy garcia,
zach mccambley,
layne henderson,
julian garcia,
eli villalobos,
jarret whorff,
shane greene,
nate fisher,
jeremy walker,
holden capps,
bernardo flores,
arnaldo hernandez,
julio pinto,
jeffrey colon,
boby johnson,
alan strong,
kyle keller,
shane murphy,
zach lee,
wladimir pinto,
aneuris rosario,
dakota chalmers,
drew anderson,
dellin betances,
misael tamarez,
tyler bryant,
stephen gonsalves,
alberto guerrero,
rylan kaufman,
micah dallas,
danny dopico,
ben sears,
jonathan bermudez,
david ellingson,
luke murphy,
ricky karcher,
blake taylor,
luis ledo,
marcel renteria,
listher sosa,
ramon perez,
brandon finnegan,
alan busenitz,
andrew walling,
rodney hutchison,
yoelvin silven,
justin yeager,
noah gotsis,
chris mazza,
brad deppermann,
adisyn coffey,
freylin garcia,
ryan costeiu,
carson skipper,
billy lescher,
tayron guerrero,
dane acker,
brandyn sittinger,
rhett kouba,
helcris olivarez,
thaddeus ward,
chris muller,
joe la sorsa,
durbin feltman,
haden erbe,
trey jeans,
ryan rolison,
tj sikkema,
max roberts,
john klein,
cody laweryson,
skylar arias,
anthony simonelli,
joshua cornielly,
cj eldred,
kevin coulter,
denyi reyes,
brady choban,
drake fellows,
robert kwiatkowski,
graeme stinson,
joe jones,
matt tabor,
tanner kiest,
kyle glogoski,
jhoulys chacin,
andy otero,
ronald bolanos,
joey marciano,
matt willrodt,
kervin castro,
jake brentz,
alec baker,
nick raquet,
robbie baker,
justin courtney,
erik martinez,
brad boxberger,
samuel reyes,
will kobos,
hansel rincon,
art warren,
aj block,
alex wells,
braden bristo,
michael mariot,
yadier alvarez,
francis peguero,
spencer patton,
ryan hartman,
cesar gomez,
jake pfennigs,
josimar cousin,
tristan stivors,
sam carlson,
kyle johnston,
jake thompson,
michael gomez,
hayden deal,
chester pimentel,
zach jackson,
hunter parsons,
ryan smith,
eric adler,
josh white,
wes benjamin,
haylen green,
joe navilhon,
jasseel de la cruz,
paul campbell,
brendan nail,
eric silva,
robby ahlstrom,
will carter,
adam stauffer,
anderson bido,
austin ross,
mike morin,
bryce bonnin,
lincoln henzman,
julio rodriguez,
zack erwin,
david morgan,
cole ayers,
ivan oviedo,
mitchell tyranski,
aaron barrett,
robinson martinez,
dereck rodriguez,
taylor lehman,
griffin roberts,
mike paredes,
kyle hill,
chandler casey,
blane abeyta,
noe ramirez,
andrew perez,
heath holder,
mike mayers,
jonathan hennigan,
joey murray,
connor lunn,
nick hull,
diogenes almengo,
jacob maton,
jack sinclair,
mason erla,
wesley moore,
carlos belen,
ryan nutof,
jacob lemoine,
brandon johnson,
caleb smith,
collin baumgartner,
joan martinez,
cd pelham,
zac kristofak,
stefan crichton,
zack plunkett,
charlie ruegger,
max kuhns,
fitz stadler,
harold chirino,
angel acevedo,
brayan de paula,
corey oswalt,
junior guerra,
joe gatto,
phillip diehl,
jose geraldo,
jack anderson,
jack snyder,
travis bergen,
benito garcia,
jimmy kingsbury,
jared biddy,
chris wright,
melvi acosta,
collin lowe,
luke westphal,
ryan shreve,
zach jacobs,
michael bienlien,
david mckay,
geison urbaez,
ofreidy gomez,
emailin montilla,
yovanny cruz,
blaine knight,
jordan brink,
devin smeltzer,
nick kennedy,
trenton denholm,
graham lawson,
louis head,
jd hammer,
matt ruppenthal,
sean wymer,
braeden fausnaught,
elison joseph,
wander suero,
josiah gray,
trey benton,
gabriel sosa,
cristofer melendez,
zach warren,
matt jachec,
demarcus evans,
kaleb bowman,
diosmerky taveras,
josh smith,
jake prizina,
james meeker,
wyatt sparks,
adam wolf,
kyle virbitsky,
kyle crigger,
christopher troye,
connor cooke,
rj alvarez,
konner wade,
bryce conley,
kade mcclure,
nick howard,
garrett schoenle,
jake reed,
jack hartman,
wilkin ramos,
theo denlinger,
lane ramsey,
bradford webb,
braden zarbnisky,
osvaldo hernandez,
john stankiewicz,
jarold rosado,
will childers,
nate griep,
matt brosky,
alfred morillo,
cristopher molina,
cam sanders,
kyle marman,
jb olson,
trey cobb,
grayson thurman,
diego barrera,
richard guasch,
shohei tomioka,
jake palisch,
cam bedrosian,
jimmy burnette,
michael danielak,
brandon workman,
jake elliott,
austin pruitt,
bryce tassin,
evan lee,
yaya chentouf,
ignacio feliz,
ben madison,
zach vennaro,
matt minnick,
jonathan aro,
blake whitney,
junior fernandez,
michel baez,
carlos betancourt,
michael krauza,
ryan weiss,
ben rowen,
cole uvila,
marquis grissom,
adrian de horta,
luis oviedo,
will bednar,
cody bolton,
josh green,
joe barlow,
lucas wepf,
hunter gregory,
nolan blackwood,
miguel aguilar,
sal romano,
fred villarreal,
matt pidich,
andrew mitchell,
troy watson,
josan mendez,
connor higgins,
kevin gadea,
kyle wilcox,
felix minjarez,
dakota donovan,
evan miller,
conor grammes,
keagan gillies,
jc keys,
stephen nogosek,
jack dallas,
osvaldo berrios,
brent killam,
gabriel sequeira,
trey cumbie,
jose franco,
michael horrell,
emmanuel chapman,
josh roberson,
ryne harper,
fineas del bonta-smith,
michael costanzo,
sam delaplane,
gabe klobosits,
jared tobey,
brody koerner,
tyler woessner,
luke albright,
daison acosta,
nate dahle,
chris rodriguez,
reggie mcclain,
valentin linarez,
nathan witt,
bryan pope,
aaron hernandez,
triston polley,
kodi whitley,
zach willeman,
reinaldo de paula,
eli lingos,
travis kuhn,
corbin martin,
alex amalfi,
gianluca dalatri,
jeff singer,
dan winkler,
dylan coleman,
sean harney,
nick gallagher,
brent teller,
ian kennedy,
kevin kopps,
cristofer ogando,
charlie neuweiler,
yeizo campos,
harrison cohen,
connor holden,
trenton toplikar,
sam weatherly,
shelton perkins,
ivan armstrong,
justin armbruester,
grant holman,
ronan kopp,
daniel tillo,
sam benschoter,
christian chamberlain,
mitch myers,
victor juarez,
zach linginfelter,
franklin dacosta,
andrew mcinvale,
peyton williams,
brett matthews,
bradley hanner,
jimmy robbins,
tyler beck,
ian churchill,
silvino bracho,
blake rivera,
sean mellen,
xavier moore,
brian howard,
richard rodriguez,
eddy yean,
tyler santana,
eric pardinho,
eduardo herrera,
braden scott,
ben holmes,
eli saul,
antonio menendez,
josh rogers,
mason hickman,
cam robinson,
peyton pallette,
michael brettell,
carson teel,
luke barker,
chase wallace,
nick dombkowski,
jhosmer alvarez,
justin lawson,
aldry acosta,
stephen jones,
seth clark,
aidan anderson,
alec gamboa,
hunter schryver,
beck way,
juan mejia,
lisandro santos,
barrett loseke,
kyle whitten,
cayne ueckert,
preston johnson,
clay aguilar,
glenn albanese,
jarod bayless,
brendan cellucci,
nick garcia,
taylor floyd,
willy taveras,
chase watkins,
hever bueno,
nico zeglin,
drew strotman,
will mabrey,
michael martinez,
miguel rodriguez,
seth corry,
brent honeywell,
gunnar groen,
simon miller,
mitchell stumpo,
steven klimek,
victor castaneda,
jonathan brand,
derek west,
michael kelly,
morgan mcsweeney,
jeffrey passantino,
joe adametz,
tanner myatt,
orlando ortiz-mayr,
alejandro torres,
davis sharpe,
tyler danish,
chance adams,
endrys briceno,
thomas ruwe,
nivaldo rodriguez,
josh tomlin,
jackson goddard,
tyler thomas,
john beller,
bear bellomy,
luis romero,
antoine kelly,
damian mendoza,
jake haberer,
jake rice,
christian cosby,
nick trogrlic-iverson,
mike wright,
jacob heatherly,
pedro payano,
brian glowicki,
conor larkin,
tanner dodson,
justin evans,
pat gallagher,
chase de jong,
dalton rogers,
justin maese,
nathan webb,
eddy demurias,
mitch neunborn,
jacob kostyshock,
jordan carr,
kyle wilson,
austin hansen,
edgar portes,
matt givin,
daniel lloyd,
railin perez,
eduarniel nunez,
frankie scalzo,
angel macuare,
john creel,
ryan buchter,
tyler brown,
francys peguero,
yennsy diaz,
michael hobbs,
zack phillips,
jake newberry,
nick kuzia,
kyle ryan,
keegan curtis,
cristian charle,
charles hall,
hunter dollander,
gavin collyer,
breidy encarnacion,
collin kober,
nomar rojas,
kevin malisheski,
luis velasquez,
cody sedlock,
jordan yamamoto,
marcus reyes,
gerardo gutierrez,
junior santos,
nick highberger,
emilio marquez,
corey avant,
houston roth,
pedro santos,
chazz martinez,
nathan burns,
willian suarez,
jose bravo,
sam selman,
jacob delabio,
mitch miller,
mitchell kilkenny,
walker brockhouse,
steven jennings,
enmanuel mejia,
kolby kubichek,
carter spivey,
patrick wicklander,
alex scherff,
marcelo martinez,
nick richmond,
jordan sheffield,
parker caracci,
edgar sanchez,
dakota mekkes,
jake pilarski,
roel garciai,
tyler palm,
jordan holloway,
dylan phillips,
jose montilla,
malvin pena,
jacques pucheu,
tyler thornton,
jason ruffcorn,
nick mondak,
aaron ochsenbein,
gabriel ponce,
nick ernst,
jerson ramirez,
jacob wosinski,
luis madrazo,
kyle johnson,
griffin mclarty,
gregori vasquez,
locke st john,
austin drury,
liam norris,
eric yardley,
mason fox,
tanner burns,
andrew baker,
alfred vega,
danis correa,
tyler eckberg,
ben onyshko,
yoan aybar,
carlos espinal,
blake goldsberry,
jayvien sandridge,
hansen butler,
jeff lindgren,
daniel ponce de leon,
ethan routzahn,
sergio romo,
edgar garcia,
jason bilous,
gerson moreno,
jordan gore,
brendan hardy,
brandon dufault,
eric torres,
bobby milacki,
michael boyle,
michael brewer,
ofelky peralta,
mason vinyard,
oliver garcia,
jack ralston,
logan gragg,
gabriel jackson,
luis quinones,
mike adams,
aaron fletcher,
luis frias,
hugh fisher,
yefri del rosario,
colin fields,
david griffin,
dominic pipkin,
dalton stambaugh,
zach hart,
tyler guilfoil,
trevor kelley,
carlos guzman,
jordan mikel,
michael cuevas,
jorge juan,
jonathan hughes,
troy bacon,
parker bugg,
tyler clippard,
dayeison arias,
zack leban,
adrian hernandez,
casey cobb,
odalvi javier,
cole percival,
vin timpanelli,
trayson kubo,
cam opp,
calvin coker,
holden powell,
justin kelly,
joe nahas,
john murphy,
stevie emanuels,
jeremy molero,
scott kobos,
alejandro melean,
dario gardea,
cody scroggins,
zach bryant,
brandon neeck,
garrett irvin,
jol concepcion,
andrew gross,
tyler webb,
michael kennedy,
kasey kalich,
karan patel,
andre scrubb,
franny cobos,
larson kindreich,
jonathan sprinkle,
theo mcdowell,
scott engler,
luke shilling,
austin smith,
tyler davis,
angel perdomo,
shelby lackey,
christian suarez,
ben hecht,
robert broom,
matt merrill,
miguel gomez,
matt dennis,
dahian santos,
daniel juarez,
reid birlingmair,
henry henry,
matt russell,
tyler baum,
jack carey,
kevin miranda,
shane rademacher,
gerald ogando,
wandisson charles,
michael arias,
jaycob deese,
ricardo yan,
tyler schimpf,
keith rogalla,
ryan cardona,
ralph garza,
wyatt olds,
evan kravetz,
jeremiah burke,
riley frey,
alaska abney,
ty weber,
kelvin ramirez,
miguel medrano,
hunter dula,
burl carraway,
jose urena,
jose cruz,
dylan heid,
brady puckett,
colby white,
austin vernon,
devin conn,
johnathan lavallee,
blake money,
alimber santa,
ashton goudeau,
noah owen,
chavez fernander,
jonah dipoto,
brian marconi,
dylan spain,
joel valdez,
tommy mccollum,
jared solomon,
trent fennell,
carlos romero,
grant black,
russell smith,
indigo diaz,
gabriel barbosa,
blake townsend,
dylan spacke,
eury rosado,
nick tropeano,
dylan bice,
david hess,
cre finfrock,
dakody clemmer,
caleb simpson,
carlos meza,
trevor hildenberger,
jose mujica,
evan shawver,
jt hintzen,
alec barger,
edgar manzo,
carlos a francisco,
nick swiney,
rafael marcano,
jeisson cabrera,
daniel harper,
michael yasenka,
joey lancellotti,
spencer stockton,
samuel strickland,
luis vargas,
regi grace,
carlos gomez,
jack little,
joseph king,
chandler jozwiak,
trey riley,
kenyon yovan,
andrew marrero,
gunner mayer,
antonio knowles,
adam mckillican,
daniel martinez,
jordan leasure,0.1406
billy sullivan,
jorge benitez,
garvin alston,
cory wall,
jared southard,
allan hernandez,
zach haake,
rodolfo sanchez,
beau burrows,
tyree thompson,
jake cantleberry,
nick mikolajchak,
yosber sanchez,
frainger aranguren,
bryan chi,
will ethridge,
isaiah coupet,
seth blair,
stevie branche,
angel reyes,
michell miliano,
elijah dale,
parker harm,
jc flowers,
matt turner,
alec bettinger,
michael mcavene,
brad case,
austin briggs,
dalton roach,
evan taylor,
ricky devito,
jesse bergin,
yusmeiro petit,
josh hejka,
brian fitzpatrick,
michael dominguez,
jordan jackson,
welinton herrera,
yaqui rivera,
kelvin bautista,
edinson batista,
jawilme ramirez,
kasey ford,
john doxakis,
nick thwaits,
carlos tavera,
braeden ogle,
andy fisher,
jose betances,
eudrys manon,
felix cepeda,
brett daniels,
nathanael heredia,
zach barnes,
inohan paniagua,
colin peluse,
jordany ventura,
garrett hawkins,
sammy tavarez,
andrew schultz,
naswell paulino,
aj alexy,
gabriel yanez,
daniel federman,
eury ramos,
tommy vail,
chris gau,
aaron northcraft,
allan saathoff,
alex mauricio,
jack noble,
derek true,
grant ford,
will gaddis,
cooper mckeehan,
tj fondtain,
tahnaj thomas,
wander guante,
sheldon reed,
tanner kohlhepp,
yorman gomez,
garrett leonard,
justin meis,
chase isbell,
reggie lawson,
zack showalter,
ryan harbin,
ryan olson,
randy labaut,
trey braithwaite,
leonardo taveras,
connor schultz,
carson palmquist,
caleb wurster,
tj nichols,
luke russo,
anthony flores,
joshua loeschorn,
cameron junker,
zack brown,
tai tiedemann,
spencer bengard,
houston harding,
dante biasi,
sem robberse,
dylan floro,
john matthews,
stiven cruz,
aaron haase,
ty weatherly,
jon olsen,
jackson smeltz,
chris villaman,
philip abner,
tyler cleveland,
shea spitzbarth,
randy wynne,
cj widger,
todd peterson,
chris jefferson,
luke farrell,
vince vannelle,
peter strzelecki,
rob griswold,
jordan marks,
danny watson,
donovan benoit,
austin troesser,
will schomberg,
edgar barclay,
manuel cachutt,
jp massey,
kade strowd,
caleb freeman,
parker mushinski,
tony locey,
cade feeney,
jose e martinez,
tyler vogel,
brayan castillo,
jose guedez,
max bain,
tyler yankosky,
manuel veloz,
edwuin bencomo,
cory lewis,
bryce mcgowan,
jarod wright,
aidan curry,
carlos garcia,
jared johnson,
ruben galindo,
ben harris,
jonny cuevas,
saul garcia,
luis madero,
ben beutel,
tyler driver,
ryan langford,
manuel alvarez,
natanael garabitos,
marco jimenez,
andy rodriguez,
gavin hollowell,
jake christianson,
dillon larsen,
karl kauffmann,
amilcar chirinos,
darvin garcia,
dylan hall,
ryan sublette,
justin hagenman,
conor dryer,
jared kelley,
braydon tucker,
hunter breault,
anthony arguelles,
patricio aquino,
nick krauth,
max carlson,
vince reilly,
gabe bierman,
caden monke,
erik rivera,
kai wynyard,
tommy kane,
dwayne matos,
bo bonds,
isaac stebens,
kelvin nunez,
dannel diaz,
kyle scott,
jake gozzo,
jordan jones,
tyler burch,
ryan vanderhei,
chris gerard,
adam boucher,
marino santy,
lj mcdonough,
caleb boushley,
derrick edington,
aj labas,
jackson lancaster,
cody tucker,
jackson hicks,
sean hermann,
joey stock,
dan hammer,
sadrac franco,
tim elliott,
ben simon,
aaron rund,
jeremy lee,
jenrry gonzalez,
luis devers,
jorge minyety,
brock whittlesey,
ben wereski,
yoldin de la paz,
daniel corniel,
cooper chandler,
isaac gallegos,
daniel blair,
ronny garcia,
cam brown,
ryan castellani,
juan zapata,
austin strickland,
jorge marcheco,
bryce collins,
teofilo mendez,
didier vargas,
harry gustin,
marques johnson,
kyle molnar,
arij fransen,
chase plymell,
jack owen,
cooper bradford,
nick roth,
jeremy wu-yelland,
jack sellinger,
derek casey,
ronaldo alesandro,
joe kemlage,
michael walsh,
luke stofel,
myles gayman,
hunter bigge,
shane panzini,
aaron munson,
jojanse torres,
landon tomkins,
serafino brito,
peyton glavine,
drew dowd,
gustavo rodriguez,
owen holt,
zach fogell,
adam tulloch,
aidan maldonado,
paulshawn pasqualotto,
manuel medina,
ubert mejias,
dante mendoza,
jonah hurney,
brooks crawford,
ryan webb,
tyler bradt,
yeuris jimenez,
brett standlee,
nick lockhart,
wen-hui pan,
tejay antone,
gil luna,
kevin milam,
dylan burns,
carlos rey,
mac lardner,
tanner shears,
william silva,
estibenzon jimenez,
nick paciorek,
johzan oquendo,
michael sansone,
matthew linskey,
justin fall,
kai peterson,
bayden root,
luis montas,
brock bell,
brendan collins,
nick altermatt,
jp woodward,
karlos morales,
will christophersen,
jake smith,
jeff hakanson,
magdiel cotto,
will geerdes,
riley cooper,
alfredo ruiz,
jimmy loper,
wilian bormie,
mike mokma,
carter baumler,
andrew dalquist,
wander arias,
hayden durke,
sean linan,
brayan palencia,
jack aldrich,
cleiverth perez,
layonel ovalles,
roque gutierrez,
carlos lequerica,
malik barrington,
jacinto arredondo,
shane gray,
luke taggart,
matt keating,
hunter hayes,
emilker guzman,
luke young,
yohanse morel,
jack patterson,
stefan raeth,
conor steinbaugh,
diomede sierra,
jay driver,
austin lambright,
edwin nunez,
gerlin rosario,
derek molina,
zack matthews,
casey anderson,
ryan ammons,
kole ramage,
cody greenhill,
alejandro manzano,
ben hernandez,
devon roedahl,
patrick maybach,
steven fulgencio,
dikember sanchez,
xavier ruiz,
thomas ireland,
nolan santos,
xavier meachem,
hayden nierman,
florencio serrano,
jace beck,
steven perez,
rio britton,
luis ramirez,
joel condreay,
edgar moreta,
wilker reyes,
alexis liebano,
jj sanchez,
benjamin arias,
mark adamiak,
collin sullivan,
connor fenlong,
juan de los santos,
anthony tomczak,
marlon perez,
jake peppers,
peniel otano,
nicolas cruz,
robbie peto,
chris mokma,
giomar diaz,
bryson hammer,
graham hoffman,
michael kirian,
jordan divalerio,
joel diaz,
alex nolan,
cam day,
aj candelario,
tanner cooper,
brayhans barreto,
joe joe rodriguez,
juan martinez,
chris kean,
steven sanchez,
tanner jacobson,
brannon jordan,
noah davis,
osiel rodriguez,
pedro da costa lemos,
gleiner diaz,
paxton thompson,
nick frasso,
brandon beckel,
eli ankeney,
kade mechals,
gilberto batista,
jose alcantara,
gilberto chu,
carson carter,
stu fleslandi,
austin amaral,
carson rudd,
trennor o'donnell,
ruben ramirez,
hueston morrill,
tyler ras,
niklas rimmel,
carlos torres,
jake eddington,
dawil almonte,
braden carmichael,
sam knowlton,
josh timmerman,
caleb franzen,
xander hamilton,
alan mundo,
jared poland,
ethan chenault,
trevor holloway,
chase antle,
roansy contreras,
dylan maclean,
alex garbrick,
thomas balboni,
eric dominguez,
evan johnson,
thomas schultz,
cooper benson,
matt hickey,
eiker huizi,
elijah pleasants,
hunter mann,
benony robles,
ricky salinas,
luke fox,
yerlin rodriguez,
ian villers,
destin dotson,
jeferson figueroa,
cam wynne,
tyler gillies,
adrian quintana,
nathanael perez lopez,
denny roman,
teddy sharkey,
harrison durow,
davis schwab,
joseph menefee,
marc davis,
moises diaz,
marcus olivarez,
tyler morgan,
bubba hall,
cj mayhue,
armando vasquez,
anyelo ovando,
sergio umana,
jose santamaria,
brock porter,
brandon bielak,
jack white,
harold cortijo,
matthew bollenbacher,
yeriel santos,
jesus linarez,
matt eckelman,
cristhian tortosa,
pierce banks,
jorge ramos,
kevin rodriguez,
franklin de la paz,
cooper adams,
sebastian keane,
luis a rodriguez,
john wilson,
adel dilone,
carson jacobs,
edgar isea,
carlos jimenez,
hudson leach,
bryant salgado,
brendan mcguigan,
robinson hernandez,
julian smith,
jared beck,
luis arejula,
angel cuenca,
max gieg,
blaze pontes,
jason franks,
jesus luna,
garrett farmer,
adam shoemaker,
saul gonzalez,
josh mollerus,
carlos campos,
alex martinez,
zack hess,
junior cerda,
leam mendez,
jesus rios,
cade halemanu,
victor simeon,
santiago florez,
diego granado,
julian bosnic,
hugo beltran,
cade denton,
nick pogue,
leonard garcia,
keegan collett,
colby langford,
bryan lucas,
reibyn corona,
felix ramires,
delvin capellan,
jackson fristoe,
nathan landry,
angel hernandez,
danny wilkinson,
bryan mata,
carson hobbs,
juan mendez,
deivy cruz,
ocean gabonia,
holden laws,
duque hebbert,
cole duensing,
mark simon,
benny thompson,
mauricio veliz,
wellington diaz,
johan simon,
zach pettway,
nate tellier,
sam jacobsak,
trey dillard,
will varmette,
jake stevenson,
billy seidl,
kobe robinson,
elijah birdsong,
maceo campbell,
frankeli arias,
yondrei rojas,
cam tullar,
nick sando,
joan gonzalez,
henry gomez,
rafael ohashi,
thomas girard,
augusto calderon,
jean correa,
adam smith,
robert wegielnik,
grayson moore,
tyrone yulie,
sam thoresen,
yehizon sanchez,
geoffrey gilbert,
jordan woods,
ty madrigal,
hayden merda,
davison palermo,
rj freure,
johnny ray,
jhonatan munoz,
ian foggo,
noah ruen,
luke bell,
neraldo catalina,
tyler ahearn,
jake madden,
estarlin rodriguez,
drew irvine,
seth chavez,
mauricio estrella,
hayden snelsire,
yovanny cabrera,
gabriel jaramillo,
jeral vizcaino,
andrew shaps,
ignacio briceno,
quinton martinez,
matthew swain,
fraynel nova,
joangel gonzalez,
aneury lora,
yeury gervacio,
tyler wehrle,
sergio morillo,
connor housley,
nolan martinez,
matthew peguero,
joan valdez,
chris mauloni,
delvis alegre,
jonathan petit,
reynaldo yean,
colin schmid,
merrick baldo,
abel adames,
alberto mota,
pedro gonzalez,
jorger petri,
carlos lomeli,
joseph hernandez,
mason ronan,
rolando gutierrez,
sergio sanchez,
holt jones,
jacob coats,
troy stainbrook,
hayes heinecke,
franklin sanchez,
adam scoggins,
reinier parra,
bobby ay,
luis barroso,
bryan rivera,
graham osman,
franyelson rodriguez,
alan perdomo,
erubiel armenta,
michael valera,
caswell smith,
sadiel baro,
keegan james,
devin kirby,
wyatt cheney,
tanner propst,
adonis villavicencio,
jorge garcia,
yoilan quinonez,
cristofer gomez,
jaden hill,
luis avila,
yunior thibo,
samuel mejia,
gregori louis,
jogly garcia,
brailin rodriguez,
jack jasiak,
edwar polimir,
francis rivera,
joe demers,
alex valdez,
luis de la rosa,
eligio paredes,
zane barnhart,
benjamin dum,
oliver mateo,
austin warren,
moises brito,
palmer wenzel,
luis polanco,
jake schrand,
shane telfer,
luke savage,
jesus broca,
braxton hyde,
erik tolman,
jonh henriquez,
anthony garcia,
sean mullen,
nathan karaffa,
hugo villalobos,
julio dilone,
yimi presinal,
easton sikorski,
deyer zapata,
jackson leath,
rickey ramirez,
luke boyd,
luis torres,
nate savino,
hunter peck,
erick pinales,
tom reisinger,
chay yeager,
alexander alberto,
austin cox,
zack qin,
wandi montout,
josh bortka,
wilgenis alvarado,
matt wyatt,
brody jessee,
rafael gonzalez,
chris lincoln,
dionys rodriguez,
bailey reid,
malcolm van buren,
james acuna,
ronny chalas,
julio ortiz,
sam ryan,
irving cota,
grabiel salazar,
edison suriel,
yovannki pascual,
ryan jensen,
spencer mraz,
alexuan vega,
wikelman gonzalez,
henson leal,
yaifer perdomo,
josh harlow,
franck de la rosa,
lisandro almonte,
blake pivaroff,
joey matulovich,
donye evans,
nelfri contreras,
lucas gordillo,
anfernny reyes,
thomas bruss,
angello infante,
dennis boatman,
julio mendez,
jesse wainscott,
isaias uribe,
inmer lobo,
gio arriera,
leury tejada,
timmy manning,
aaron holiday,
alix hernandez,
albert rivas,
soenni martinez,
brady schanuel,
rob hensey,
miguel guerrero,
camilo hernandez,
jesus valles,
daury cabrera,
audry lugo,
luis viloria,
eric mendez,
aneudy cortorreal,
deretd parra,
kumar nambiar,
elvis novas,
julio rosario,
yeremin lara,
carlos guarate,
trevor tietz,
jose miguel gonzalez,
tzu-chen sha,
christian tripp,
cole hillier,
elliot johnstone,
luis amoroso,
yensy bello,
jake gilbert,
dylan simmons,
angel anazco,
ted stuka,
carlton perkins,
yerry landinez,
irv carter,
bryan pena,
donny troconis,
jefferson lopez,
chance huff,
josh swales,
victor lopez,
riggs threadgill,
brayner sanchez,
enmanuel solano,
cleiber maldonado,
ulices campos,
jaydenn estanista,
bryan bautista,
garrett apker,
johan montero,
victor cabreja,
mark mclaughlin,
michele vassalotti,
liam doolan,
adrian rodriguez,
royman blanco,
will mcaffer,
yeiber cartaya,
alex rao,
chris williams,
luke anderson,
fernando guanare,
mack anglin,
moises rodriguez,
julio frias,
reyson santos,
logan lyle,
zac addkison,
yeury tatiz,
cole stupp,
jesus clode,
liam jenkins,
darlin pinales,
jonney rosario,
danny denz,
bowen plagge,
justin showalter,
livan reinoso,
elian serrata,
everhett hazelwood,
wilmer ortega,
blake seigler,
juan mateo,
dalton fowler,
sterling patick,
miguel vinicio,
logan britt,
wellington aracena,
miguel suero,
leoni de la cruz,
samuel vasquez,
fernando olguin,
bryce warrecker,
hazahel quijada,
domingo gonzalez,
javier chacon,
kendeglys virguez,
anthony cruz,
ben miller,
braian salazar,
junior mieses,
hendry nunez,
riskiel tineo,
harry rutkowski,
danny moreno,
shane gustafson,
sam keating,
austin temple,
saul teran,
cesar alvarez,
chad bryant,
brayan restituyo,
malik binns,
luis tejeda,
christian ciuffetelli,
connor pellerin,
chase hopewell,
pablo mujica,
jake fitzgibbons,
miguel alfonseca,
garrett ramsey,
cade austin,
nathanael perez gonzalez,
luis almonte,
eddy alberto,
kelvin laroche,
javier ramos,
doug kirkland,
danny cody,
gabe emmett,
jonawel valdez,
breck eichelberger,
damon casetta-stubbs,
austin aldeano,
raymon rosario,
jose jimenez,
oriel castro,
victor villanueva,
luis talavera,
wilber perez,
luis hernandez,
michael perez,
miguel gil,
jhan zambrano,
cody adcock,
tomas reyes,
wilkelma castillo,
randel clemente,
enrique santana,
junior william,
kleyderve andrade,
gage stanifer,
ezequiel ventura,
roman phansalkar,
levi prater,
dayan reinoso,
montana semmel,
francis reynoso,
edward baram,
yonael dominguez,
johan moreno,
elvis jerez,
zach veen,
wilson esterlin,
jonalbert rumbol,
marlin willis,
jack degroat,
colson lawrence,
daniel gonzalez,
gerson calzadilla,
andinson ferrer,
osvaldo de la rosa,
fernando lozano,
manuel de la rosa,
jose moreno,
jean munoz,
kikito severino,
bailey horn,
matt mikulski,
harrison beethe,
jesus flores,
harif frias,
luis martinez-gomez,
gabriel aguilera,
samuel valerio,
martin santana,
julian valdez,
dylan nedved,
jake sweeney,
shane marshall,
reese sharp,
tomas cleto,
angel vargas,
liomar martinez,
shane connolly,
frander veras,
angel gonzalez,
graham firoved,
ernesto jaquez,
jaren zinn,
wesley scott,
ismael michel,
heisell baro,
nicolo pinazzi,
dailoui abad,
ben ethridge,
carlos de los santos,
jeison pena,
miguel fulgencio,
jose diaz,
jared wetherbee,
ethan hammerberg,
maycold leon,
darling florentino,
eybersson polanco,
josias de los santos,
blake whiting,
adrian del moral,
alex bustamante,
euri montero,
austin becker,
james marinan,
mason denaburg,
yordy herrera,
abel mercedes,
miguel padilla,
marshall hunt,
justin sanchez,
alfredo romero,
liam rocha,
jose pena,
ben serunkuma,
estarlin escalante,
luis flores,
brett lockwood,
michael valverde,
luis vizcaino,
daniel nunan,
luis sanchez,
felipe bello,
robin vazquez,
tyler mattison,
marco corcho,
diorys guerrero,
seth nightingale,
jiorgeny casimiri,
darlin alcantara,
joel canizalez,
wuardo fernandez,
francisco frias,
horacio andujar,
ludwin jimenez,
victor gonzalez,
yoniel ramirez,
kannon handy,
brawny reyes,
wardquelin vasquez,
eminen flores,
bridger holmes,
junior flores,
yamil castillo,
jeremy peguero,
johan otanez,
eduar segovia,
joel benitez,
issac solano,
gregoris chalas,
karlo seijas,
adan moreno,
enmanuel acosta,
steve hajjar,
david tiburcio,
joseph yabbour,
christian rodriguez,
jordy luciano,
jakob brustoski,
josh gessner,
paul wilson,
alejandro lugo,
patrick pridgen,
jacob cravey,
morris austin,
charlie cerny,
tj czyz,
alexis cedano,
fabricio reina,
gabriel hernandez,
fran castro,
blake loubier,
yosver zulueta,
pedro alfonseca,
zach cable,
simon leandro,
koen moreno,
victor garcia,
connery peters,
anthony mendez,
yendy gomez,
matthew mcmillan,
kelvin perez,
junior montero,
anthony escobar,
cristofher carrasco,
christopher vasquez,
jaren warwick,
hayder ortiz,
garrett brown,
preston price,
matt sparling,
german fajardo,
luis german,
alejandro gomez,
waylin santana,
eliander alcalde,
keiner leon,
dawry segura,
sandy gaston,
owen stevenson,
julio bonilla,
anyer laureano,
ettore giulianelli,
jorge gonzalez,
adenys bautista,
natanael polanco,
yoljeldriz diaz,
gregori montano,
chris barraza,
derek corro,
andy santana,
angel alfonseca,
ramon henriquez,
john lynch,
eris rodriguez,
franly urena,
nick bautistai,
felix cabrera,
juan rodriguez,
brady hill,
miguel valdez,
jesus lopez,
rafelin nivar,
dominic hambley,
clark cota,
erick reynoso,
joel ibarra,
jholbran herder,
francis hernandez,
franklin marquez,
jose fernandez,
domingo geronimo,
wilfred alvarado,
aaron cohn,
samuel fabian,
zack austin,
scarlyn lebron,
eric foggo,
ever moya,
noah takacs,
danny carrion,
jose ulloa,
emerson talavera,
cesar de jesus,
chandler arnold,
jesus mendez,
osbriel mogollon,
juan reynoso,
stiward aquino,
luigi hernandez,
aneudis mejia,
drew garrett,
denis reguillo,
ben petschke,
sam bachman,
david sanchez,
alex mckenney,
aaron nixon,
jean calderon,
jean reyes,
jhoniel serrano,
connor butler,
eduard monroy,
bernard jose,
drew pestka,
juanmi vasquez,
nathanael cruz,
jimmy lewis,
yohemy nolasco,
raimy rodriguez,
seth keller,
juan arnaud,
travis adams,
logan hofmann,
dominic scheffler,
alex makarewich,
dallas woolfolk,
christian ruebeck,
manny ramirez,
ovis portes,
randy berigete,
kenyi perez,
henry valencio,
kristofer bow,
jonathan edwards,
adrian herrera,
ernie day,
luis a reyes,
miguel mora,
abel brito,
jordan powell,
emmanuel martinez,
nolberto henriquez,
juan abreu,
will stevens,
wilson lopez,
joaquin tejada,
franklin perez,
quinn gudaitis,
starlyn pichardo,
michael vilchez,
ryan chasse,
mathew peters,
owen sharts,
kamron fields,
reny artiles,
hunter furtado,
christian edwards,
adam stone,
rael santos,
tyler hoffman,
gustavo del pozo,
enderjer sifontes,
jose garces,
harol arias,
pedro santillan,
madison jeffrey,
matt stil,
jose cuas,
jp wheat,
angel bastardo,
tyson messer,
henry martinez,
dilan figueredo,
eiver espinoza,
branden noriega,
nelfri payano,
callum wallace,
lyon richardson,
alejandro mendez,
gabe starks,
victor pena,
jhonny felix,
orlando gil,
yomil maysonet,
rayner urbaez,
juan manuel abril,
luis gonzalez,
skylar szynski,
yanzel correa,
jorge martinez,
cristian jimenez,
nixon encarnacion,
michael limoncelli,
redinson gomez,
enrique coronel,
miguel pozo,
eduardo soriano,
jaison brete,
connor phillips,
julio zapata,
weskendry espinoza,
geralmi santana,
davidxon lara,
calvin faucher,0.2
lisander de la cruz,
arlison rodriguez,
roiber talavera,
jesus valdez,
claudio galva,
frederic garcia,
angel camacho,
jacob misiorowski,
jose suarez,0.0815
johan rodriguez,
michael saturria,
max rajcic,
brayan cabello,
shawndrick oduber,
guillermo arvizu,
jose e hernandez,
eliecer bata,
biembenido brito,
luis gomez,
dariel francia,
tyler kennedy,
alexander beltre,
alexis torres,
gerardo abrego,
miguel olivares,
yenfri sosa,
edwar chirinos,
luis de la cruz,
steven cruz,
anel cabrera,
andres parra,
eddy peralta,
david landeta,
alvaro gamez,
sandro santana,
jean herrera,
doimil perez,
gilberto alcala,
luis vasquez,
johandry milano,
vladimir davila,
jermayne verdu,
adilson peralta,
pedro almanzar,
fabian ysalla,
jose aguirre,
pedro rodriguez,
keywill cedeno,
sandi charle,
frainer mejias,
luis nunez,
yokelvin reyes,
jose leandro,
francis pena,
roberto medina,
eliezer pena,
anthony bello,
maikel hernandez,
miguel martinez,
franderly morel,
alexander agramonte,
lester nin,
keninson diaz,
luis jerez,
jesus a rodriguez,
frenny grant,
kristian cardozo,
carlos sarmiento,
jemir leal,
luis vega,
javier fuenmayor,
ramon cuevas,
reilin ramirez,
abdiel medina,
miguel cordero,
enger sanchez,
yoerys hernandez,
mado villegas,
jhonny gomez,
jose linares,
gustavo rivas,
osiris santana,
dioni baez,
donal montas,
cristhofer gonzalez,
carlos molina,
jose rojas,
pitterson rosa,
david morillo,
emilio castillo,
isaac rudecindo,
rafael mendez,
jose felipe torres,
jayson schroeder,
juan duran,
simon pacheco,
wanmer ramirez,
ankeily feliz,
darlin noboa,
kevin garcia,
brandison polanco,
justin king,
leonardo rossel,
luis alcala,
juan oramas,
marco patino,
donys garcia,
manuel heredia,
carlos gonzalez,
diego chiquillo,
felix polanco,
francisco lucumi,
moises amezquita,
henry tejada,
welington quintero,
omar yanez,
wilny moron,
victor basora,
santiago ramirez,
josnier parra,
wilmis paulino,
marco vega,
onias jimenez,
brayan diaz,
juan severino,
jhosep chirinos,
ricardo quintana,
jairon digon,
franklyn moreta,
gabriel agrazal,
santiago quintero,
miguel hernandez,
jhemiangel tovar,
angel tello,
abrahan tejada,
jose mendoza,
yonaiker garcia,
keneth quintanilla,
peter bonilla,
marcos fortunato,
anthony perez,
rony cruz,
aneudis george,
adrian ogando,
felipe de los santos,
jairo vasquez,
snarlyn evangelista,
yoan valdez,
carlos hinestroza,
nixon parra,
victor fransua,
christian avendano,
miguel cordones,
kinn omosako,
kevin tejada,
justin wrobleski,
darlyn de la cruz,
rolddy munoz,
cristian diaz,
ricardo gomez,
ismael mota,
darling solano,
jesus garcia,
luis diaz,
patricio ress,
johan minaya,
jake bloss,
keider herrera,
bryan monte de oca,
angel cruz,
kevison hernandez,
edwin zamudio,
victor soteldo,
fernando ortega,
ezequiel bonilla,
santiago sojo,
alvaro benua,
wilton rondon,
luis guevara,
cole wilcox,
ronny robles,
yoryi simarra,
deiver oliveros,
fraimin marte,
fermin magallanes,
jan caraballo,
tom cosgrove,
alexander johnson,
oscar moreta,
odarlin cruz,
diego dominguez,
claudio gatier,
michael peres,
khristian guevara,
frandy rodriguez,
diego hernandez,
richy valdez,
diego navarro,
alexis paulino,
lisander brito,
eudy liriano,
josue carmona,
frank martinez,
marcelo valladares,
carlos millan,
jose regalado,
dianye florentino,
leomar rosario,
dairon de jesus,
renaldito florian,
omar munoz,
orlando barrios,
luis beltran,
jordan valenzuela,
luis martinez,
juan henriquez,
wilme mora,
ranwell smith,
eduardo tovar,
abel fuerte,
juan ozuna,
eduardo fernandez,
yency de jesus,
erick padilla,
jeferson lopez,
cristopher cruz,
jason bonilla,
diovel mariano,
jeffrey familia,
leonardo lugo,
melvyn amador,
dencer geraldo,
andres jimenez,
kevin camacho,
albert breton,
jose meneses,
enrique carta,
danery tejada,
gemil santa,
edinson valdespina,
luis joseph,
jheremy vicente,
nick anderson,
ronal herrera,
antoni cuello,
cesar ruiz,
luis baldiris,
genderson zapata,
irving vazquez,
jimmy reyes,
ricardito lorenzo,
yonfi rodriguez,
jean carlos reyes,
breilin arredondo,
brayan suarez,
jeyson mejia,
rodarni salvador,
engel silvestre,
raudy gomez,
moises palma,
alejandro ramirez,
elias moscoso,
luis de aza,
alexis de la cruz,
jesus poline,
mauricio maican,
francisco pazos,
martin herrera,
ilmerson colon,
jhonny jimenez,
joneiker arellano,
bryant landaeta,
roman perez,
jhomber jimenez,
connor prins,
elvin jimenez,
danny hilario,
ramon sanchez,
lluveres severino,
jarlen de la paz,
melvin javier,
carlos brito,
yon landaeta,
david dominguez,
ruver flores,
jecsua liborius,
sergio caruci,
johan palacios,
frelianderson seijas,
krisspy valdez,
wermer pineda,
genderson almonte,
frederic frias,
joldanny genao,
jilber canas,
yorvi pirela,
jesus silverio,
adrian santana,
cristopher presinal,
maicor serrano,
chariel radney,
lenin mendez,
cristian galindo,
bernard mack,
eliecer romero,
roger jorge,
jeiki beltran,
oscar paredes,
andy luis,
ruben de la cruz,
enyer burgos,
edwin cervantes,
ali ascanio,
felipito santos,
tomy sanchez,
misael lopez,
justin caceres,
joldelanio de los santos,
cristofer soriano,
wellington guzman,
darlin mendez,
ledwin gonzalez,
brailyn paulino,
abel mendez,
edwin rodriguez,
willian colmenares,
saul sanchez,
rancel duarte,
yansel marine,
anderson jerez,
roelmy garcia,
jordi infante,
saul siri,
raudy rivera,
pedro figueroa,
brandon smith,
jorge guerra,
wali pierre,
yoralbert cadiz,
oliver eusebio,
john mcmillon,
victor brea,
enyerber rivero,
hader blanco,
sebastian javier,
neiver acosta,
johandry fuente,
wagner castillo,
dermis ordonez,
rodolfo de la cruz,
hansel rosario,
yoryi jimenez,
abraham gaitan,
rafael suero,
henrison mota,
julio ramirez,
jair jimenez,
daury zapata,
nate lavender,
jonas uzcategui,
lisnerkin lantigua,
luinder avila,
ricardo montero,
willian campos,
jhonny martinez,
hayrol done,
yerry de los santos,
john sosa,
eriberto vasquez,
david olivo,
wuillians herrera,
ryan bergert,
denison sanchez,
junior pina,
oliver camilo,
cesari moreno,
charbel gonzalez,
runelvis toribio,
federik jimenez,
jose ojeda,
luciano romero,
jarol baez,
sulivan ribeiro,
wilfredo cordero,
fraylin suriel,
eduardo zapata,
landany alfonseca,
adrian delgado,
jhoan lorenzo,
daniele di monte,
juan ortega,
stanly alcantara,
kelvin carmona,
jeff brigham,
ismael laureano,
jose ruiz,
estarlin cruz,
jhon cabral,
tommy ventimiglia,
brahian rijo,
yonatan pineda,
andrew misiaszek,
cesar rojas,
blas castano,
adam ottavino,
dielmon urena,
jonathan hernandez,
jovi galvez,
cooper criswell,
ryan yarbrough,0.0512
eric cerantola,
kevin kelly,0.2
gabriel hughes,
scott effross,
ray gaither,
seth johnson,
james karinchak,
brett de geus,
devin sweet,
josh simpson,
dan altavilla,
joan adon,
eli morgan,0.2
antonio jimenez,
matt sauer,
bryce jarvis,0.0897
jack o'loughlin,
zach brzykcy,
triston mckenzie,
lucas gilbreath,
john rooney,
luis patino,
ryan loutos,
victor vodnik,
hogan harris,
giovanny gallegos,
luis f castillo,
doug nikhazy,
luis contreras,0.0918
ryan cusick,
will smith,
elvis alvarado,
hunter strickland,
john curtiss,
mick abel,
jesse hahn,
will klein,
ian gibaut,0.0922
eduardo salazar,0.2
matt svanson,
jacob wallace,
albert abreu,
richard lovelady,0.134
nate pearson,0.0505
logan vanwey,
andry lara,
xzavion curry,0.0767
gunnar hoglund,
josh ekness,
victor mederos,
guillo zuniga,
lenny torres,
alan rangel,
chase petty,
randy dobnak,0.2
jared shuster,
trey mcgough,
andre granillo,
gus varland,
alexis diaz,
elvis peguero,0.195
anthony hoopii-tuionetoa,
kyle tyler,
joey gerber,
patrick monteverde,
luis guerrero,
jackson rutledge,
anthony molina,
brent suter,0.2
adam cimber,
mason fluharty,
tyler zuber,
jake eder,
michael petersen,
zach agnos,
sam moll,
tj mcfarland,0.1898
hector neris,
daniel bard,
justin dunn,
luis curvelo,
bryan shaw,
tanner gordon,
amos willingham,
scott alexander,
noah murdock,0.2
sean reynolds,
chris roycroft,0.1199
tanner rainey,
colin poche,0.1506
grant wolfram,
tyler owens,
casey legumina,
roddery munoz,
bradgley rodriguez,
jack dashwood,
diego castillo,
zach thompson,
beau brieske,0.0523
jimmy herget,
matt pushard,
braydon fisher,
michael darrell-hicks,
connor brogdon,
tayler saucedo,0.2
owen white,
joel peguero,
tyler matzek,
jesse chavez,0.2
marc church,
casey lawrence,
cole henry,
spencer bivens,0.1973
michael mercado,
jairo iriarte,
mike clevinger,0.0679
garrett mcdaniels,
jose leclerc,0.2
gordon graceffo,
connor thomas,0.2
jefry yan,
angel chivilli,0.1519
luis peralta,0.2
zach maxwell,
emerson hancock,
sam long,0.1403
yoendrys gomez,0.2
thomas harrington,
steven wilson,
lake bachar,0.0651
edwin uceta,
cionel perez,0.0802
trent thornton,0.2
logan gillaspie,
luarbert arias,
nick nastrini,
orlando ribalta,0.1141
kyle hart,0.1493
bradley blalock,
alek jacob,0.1203
chris stratton,0.2
elvin rodriguez,0.1845
luis mey,
evan justice,
lucas sims,0.2
joey estes,0.2
george soriano,0.2
